{
  "type": "FeatureCollection",
  "features": [
    {
      "type": "Feature",
      "id": "1",
      "properties": {
        "id": "1",
        "name": "1 Olszynki Park A",
        "number": "1",
        "color": "#bdbdbd"
      },
      "geometry": {
        "type": "Polygon",
        "coordinates": [
          [
            [
              22.0050997,
              50.0320858,
              0
            ],
            [
              22.0043701,
              50.0317136,
              0
            ],
            [
              22.0051426,
              50.0311002,
              0
            ],
            [
              22.0058722,
              50.0314655,
              0
            ],
            [
              22.0050997,
              50.0320858,
              0
            ]
          ]
        ]
      }
    },
    {
      "type": "Feature",
      "id": "2",
      "properties": {
        "id": "2",
        "name": "2 Olszynki Park B",
        "number": "2",
        "color": "#bdbdbd"
      },
      "geometry": {
        "type": "Polygon",
        "coordinates": [
          [
            [
              22.0050997,
              50.0320858,
              0
            ],
            [
              22.0058722,
              50.0314655,
              0
            ],
            [
              22.0066023,
              50.0318352,
              0
            ],
            [
              22.0058083,
              50.0324692,
              0
            ],
            [
              22.0050997,
              50.0320858,
              0
            ]
          ]
        ]
      }
    },
    {
      "type": "Feature",
      "id": "3",
      "properties": {
        "id": "3",
        "name": "3 Olszynki Park C",
        "number": "3",
        "color": "#bdbdbd"
      },
      "geometry": {
        "type": "Polygon",
        "coordinates": [
          [
            [
              22.0058083,
              50.0324692,
              0
            ],
            [
              22.0066023,
              50.0318352,
              0
            ],
            [
              22.0073425,
              50.0321522,
              0
            ],
            [
              22.0065272,
              50.0327793,
              0
            ],
            [
              22.0058083,
              50.0324692,
              0
            ]
          ]
        ]
      }
    },
    {
      "type": "Feature",
      "id": "4",
      "properties": {
        "id": "4",
        "name": "4 Szopena - PCK",
        "number": "4",
        "color": "#1a237e"
      },
      "geometry": {
        "type": "Polygon",
        "coordinates": [
          [
            [
              22.0047828,
              50.0325832,
              0
            ],
            [
              22.0036884,
              50.03371,
              0
            ],
            [
              22.0030286,
              50.0337961,
              0
            ],
            [
              22.0026531,
              50.032566,
              0
            ],
            [
              22.0028516,
              50.0321801,
              0
            ],
            [
              22.0019557,
              50.0319251,
              0
            ],
            [
              21.9999172,
              50.0316425,
              0
            ],
            [
              22.0002328,
              50.0310321,
              0
            ],
            [
              22.0022928,
              50.0313353,
              0
            ],
            [
              22.0033075,
              50.0314185,
              0
            ],
            [
              22.0043751,
              50.031894,
              0
            ],
            [
              22.0047828,
              50.0325832,
              0
            ]
          ]
        ]
      }
    },
    {
      "type": "Feature",
      "id": "5",
      "properties": {
        "id": "5",
        "name": "5 Zamkowa, Dekerta, Alsa",
        "number": "5",
        "color": "#a52714"
      },
      "geometry": {
        "type": "Polygon",
        "coordinates": [
          [
            [
              22.0030286,
              50.0337961,
              0
            ],
            [
              22.0036884,
              50.03371,
              0
            ],
            [
              22.004031,
              50.03376,
              0
            ],
            [
              22.0041651,
              50.0340287,
              0
            ],
            [
              22.0040524,
              50.0343561,
              0
            ],
            [
              22.0029098,
              50.0342665,
              0
            ],
            [
              22.0030815,
              50.0350831,
              0
            ],
            [
              22.0026362,
              50.0351245,
              0
            ],
            [
              22.0025933,
              50.0350452,
              0
            ],
            [
              22.0010269,
              50.0350211,
              0
            ],
            [
              22.0010001,
              50.0345008,
              0
            ],
            [
              22.0007641,
              50.0344009,
              0
            ],
            [
              22.0005763,
              50.0345594,
              0
            ],
            [
              21.9989724,
              50.0339116,
              0
            ],
            [
              21.9988082,
              50.0332737,
              0
            ],
            [
              22.0030286,
              50.0337961,
              0
            ]
          ]
        ]
      }
    },
    {
      "type": "Feature",
      "id": "6",
      "properties": {
        "id": "6",
        "name": "6 Lisa Kuli - Pl. Śreniawitów",
        "number": "6",
        "color": "#ffd600"
      },
      "geometry": {
        "type": "Polygon",
        "coordinates": [
          [
            [
              21.9985024,
              50.0325501,
              0
            ],
            [
              21.9995484,
              50.0325053,
              0
            ],
            [
              21.9991998,
              50.0332875,
              0
            ],
            [
              21.9988082,
              50.0332737,
              0
            ],
            [
              21.9989724,
              50.0339116,
              0
            ],
            [
              21.99935,
              50.0340765,
              0
            ],
            [
              21.9989584,
              50.0344728,
              0
            ],
            [
              21.9985024,
              50.0343005,
              0
            ],
            [
              21.9987737,
              50.0339817,
              0
            ],
            [
              21.9985024,
              50.0325501,
              0
            ]
          ]
        ]
      }
    },
    {
      "type": "Feature",
      "id": "7",
      "properties": {
        "id": "7",
        "name": "7 Szopena - Długosza",
        "number": "7",
        "color": "#ffd600"
      },
      "geometry": {
        "type": "Polygon",
        "coordinates": [
          [
            [
              22.0083271,
              50.0346281,
              0
            ],
            [
              22.0077483,
              50.0341563,
              0
            ],
            [
              22.005624,
              50.0332639,
              0
            ],
            [
              22.0059941,
              50.0328814,
              0
            ],
            [
              22.0072762,
              50.0330158,
              0
            ],
            [
              22.009127,
              50.0328435,
              0
            ],
            [
              22.0109616,
              50.0334878,
              0
            ],
            [
              22.0100443,
              50.0340288,
              0
            ],
            [
              22.00976,
              50.0338238,
              0
            ],
            [
              22.0083271,
              50.0346281,
              0
            ]
          ]
        ]
      }
    },
    {
      "type": "Feature",
      "id": "8",
      "properties": {
        "id": "8",
        "name": "8 Szopena - Słoneczna",
        "number": "8",
        "color": "#0f9d58"
      },
      "geometry": {
        "type": "Polygon",
        "coordinates": [
          [
            [
              22.0057065,
              50.0333012,
              0
            ],
            [
              22.0063047,
              50.0335493,
              0
            ],
            [
              22.0072676,
              50.0339576,
              0
            ],
            [
              22.0077483,
              50.0341563,
              0
            ],
            [
              22.0086194,
              50.0348879,
              0
            ],
            [
              22.0080853,
              50.0351168,
              0
            ],
            [
              22.0062561,
              50.0346792,
              0
            ],
            [
              22.0064492,
              50.0344346,
              0
            ],
            [
              22.0052636,
              50.0339729,
              0
            ],
            [
              22.0054353,
              50.0337971,
              0
            ],
            [
              22.004974,
              50.0335938,
              0
            ],
            [
              22.0054353,
              50.0331872,
              0
            ],
            [
              22.0057065,
              50.0333012,
              0
            ]
          ]
        ]
      }
    },
    {
      "type": "Feature",
      "id": "9",
      "properties": {
        "id": "9",
        "name": "9 Słowackiego 11, 24",
        "number": "9",
        "color": "#ffd600"
      },
      "geometry": {
        "type": "Polygon",
        "coordinates": [
          [
            [
              22.0054353,
              50.0337971,
              0
            ],
            [
              22.0048237,
              50.034431,
              0
            ],
            [
              22.005151,
              50.0345757,
              0
            ],
            [
              22.0049686,
              50.0347583,
              0
            ],
            [
              22.0041907,
              50.0345205,
              0
            ],
            [
              22.003724,
              50.0350822,
              0
            ],
            [
              22.0030815,
              50.0350831,
              0
            ],
            [
              22.0029098,
              50.0342665,
              0
            ],
            [
              22.0040524,
              50.0343561,
              0
            ],
            [
              22.0048345,
              50.033542,
              0
            ],
            [
              22.0054353,
              50.0337971,
              0
            ]
          ]
        ]
      }
    },
    {
      "type": "Feature",
      "id": "10",
      "properties": {
        "id": "10",
        "name": "10 Leszczyńskiego, Słoneczna",
        "number": "10",
        "color": "#a52714"
      },
      "geometry": {
        "type": "Polygon",
        "coordinates": [
          [
            [
              22.0064492,
              50.0344346,
              0
            ],
            [
              22.0057251,
              50.0353538,
              0
            ],
            [
              22.0053818,
              50.0354055,
              0
            ],
            [
              22.0053174,
              50.0351781,
              0
            ],
            [
              22.0056151,
              50.0347698,
              0
            ],
            [
              22.0048237,
              50.034431,
              0
            ],
            [
              22.0052636,
              50.0339729,
              0
            ],
            [
              22.0064492,
              50.0344346,
              0
            ]
          ]
        ]
      }
    },
    {
      "type": "Feature",
      "id": "11",
      "properties": {
        "id": "11",
        "name": "11 Grodzisko",
        "number": "11",
        "color": "#0f9d58"
      },
      "geometry": {
        "type": "Polygon",
        "coordinates": [
          [
            [
              22.0041907,
              50.0345205,
              0
            ],
            [
              22.0049686,
              50.0347583,
              0
            ],
            [
              22.005151,
              50.0345757,
              0
            ],
            [
              22.0056151,
              50.0347698,
              0
            ],
            [
              22.0053184,
              50.0351489,
              0
            ],
            [
              22.0053818,
              50.0354055,
              0
            ],
            [
              22.0048946,
              50.0354555,
              0
            ],
            [
              22.0036983,
              50.0354865,
              0
            ],
            [
              22.0035588,
              50.0354878,
              0
            ],
            [
              22.0035563,
              50.0350814,
              0
            ],
            [
              22.003724,
              50.0350822,
              0
            ],
            [
              22.0041907,
              50.0345205,
              0
            ]
          ]
        ]
      }
    },
    {
      "type": "Feature",
      "id": "12",
      "properties": {
        "id": "12",
        "name": "12 Baldachówka - Zachód",
        "number": "12",
        "color": "#1a237e"
      },
      "geometry": {
        "type": "Polygon",
        "coordinates": [
          [
            [
              22.0054348,
              50.0353961,
              0
            ],
            [
              22.0059364,
              50.0353255,
              0
            ],
            [
              22.0061268,
              50.0364591,
              0
            ],
            [
              22.0062717,
              50.0365642,
              0
            ],
            [
              22.0062958,
              50.0367967,
              0
            ],
            [
              22.0056574,
              50.0367537,
              0
            ],
            [
              22.0054348,
              50.0353961,
              0
            ]
          ]
        ]
      }
    },
    {
      "type": "Feature",
      "id": "13",
      "properties": {
        "id": "13",
        "name": "13 Baldachówka - Wschód",
        "number": "13",
        "color": "#ffd600"
      },
      "geometry": {
        "type": "Polygon",
        "coordinates": [
          [
            [
              22.0036284,
              50.0368039,
              0
            ],
            [
              22.0035241,
              50.0360668,
              0
            ],
            [
              22.0035373,
              50.0354912,
              0
            ],
            [
              22.0048946,
              50.0354555,
              0
            ],
            [
              22.0054348,
              50.0353961,
              0
            ],
            [
              22.0056574,
              50.0367537,
              0
            ],
            [
              22.0047067,
              50.0367316,
              0
            ],
            [
              22.0036284,
              50.0368039,
              0
            ]
          ]
        ]
      }
    },
    {
      "type": "Feature",
      "id": "14",
      "properties": {
        "id": "14",
        "name": "14 Maja Pasaż",
        "number": "14",
        "color": "#1a237e"
      },
      "geometry": {
        "type": "Polygon",
        "coordinates": [
          [
            [
              22.0010269,
              50.0350211,
              0
            ],
            [
              22.0025933,
              50.0350452,
              0
            ],
            [
              22.0026362,
              50.0351245,
              0
            ],
            [
              22.0030815,
              50.0350831,
              0
            ],
            [
              22.0035563,
              50.0350814,
              0
            ],
            [
              22.0035241,
              50.0360668,
              0
            ],
            [
              22.0037173,
              50.037483,
              0
            ],
            [
              22.0034115,
              50.0375243,
              0
            ],
            [
              22.0016734,
              50.0375346,
              0
            ],
            [
              22.0016974,
              50.0373388,
              0
            ],
            [
              22.0010449,
              50.0359453,
              0
            ],
            [
              22.0010269,
              50.0350211,
              0
            ]
          ]
        ]
      }
    },
    {
      "type": "Feature",
      "id": "15",
      "properties": {
        "id": "15",
        "name": "15 3 Maja Jagielońska",
        "number": "15",
        "color": "#0f9d58"
      },
      "geometry": {
        "type": "Polygon",
        "coordinates": [
          [
            [
              22.0002993,
              50.034443,
              0
            ],
            [
              22.0005763,
              50.0345594,
              0
            ],
            [
              22.0007641,
              50.0344009,
              0
            ],
            [
              22.0010001,
              50.0345008,
              0
            ],
            [
              22.0010449,
              50.0359453,
              0
            ],
            [
              22.0005246,
              50.035935,
              0
            ],
            [
              21.999795,
              50.0358178,
              0
            ],
            [
              21.9990923,
              50.0355663,
              0
            ],
            [
              22.0002993,
              50.034443,
              0
            ]
          ]
        ]
      }
    },
    {
      "type": "Feature",
      "id": "16",
      "properties": {
        "id": "16",
        "name": "16 Lisa Kuli Zygmuntowska",
        "number": "16",
        "color": "#1a237e"
      },
      "geometry": {
        "type": "Polygon",
        "coordinates": [
          [
            [
              21.9978807,
              50.0350896,
              0
            ],
            [
              21.9990923,
              50.0355663,
              0
            ],
            [
              21.9982992,
              50.0367159,
              0
            ],
            [
              21.9974891,
              50.0365264,
              0
            ],
            [
              21.9973926,
              50.0357029,
              0
            ],
            [
              21.9978807,
              50.0350896,
              0
            ]
          ]
        ]
      }
    },
    {
      "type": "Feature",
      "id": "17",
      "properties": {
        "id": "17",
        "name": "17 Jagielońska Zygmuntowska",
        "number": "17",
        "color": "#ffd600"
      },
      "geometry": {
        "type": "Polygon",
        "coordinates": [
          [
            [
              22.0010449,
              50.0359453,
              0
            ],
            [
              22.0011208,
              50.036158,
              0
            ],
            [
              22.0005468,
              50.0362372,
              0
            ],
            [
              21.999211,
              50.0359478,
              0
            ],
            [
              21.9988463,
              50.036382,
              0
            ],
            [
              21.998578,
              50.0363165,
              0
            ],
            [
              21.9990923,
              50.0355663,
              0
            ],
            [
              21.999795,
              50.0358178,
              0
            ],
            [
              22.0005246,
              50.035935,
              0
            ],
            [
              22.0010449,
              50.0359453,
              0
            ]
          ]
        ]
      }
    },
    {
      "type": "Feature",
      "id": "18",
      "properties": {
        "id": "18",
        "name": "18 3 Maja",
        "number": "18",
        "color": "#a52714"
      },
      "geometry": {
        "type": "Polygon",
        "coordinates": [
          [
            [
              21.9982992,
              50.0367159,
              0
            ],
            [
              21.998578,
              50.0363165,
              0
            ],
            [
              21.9988463,
              50.036382,
              0
            ],
            [
              21.9992084,
              50.0359227,
              0
            ],
            [
              22.0005468,
              50.0362372,
              0
            ],
            [
              22.0011208,
              50.036158,
              0
            ],
            [
              22.0016974,
              50.0373388,
              0
            ],
            [
              22.0016223,
              50.0377178,
              0
            ],
            [
              22.0011556,
              50.0380692,
              0
            ],
            [
              22.0007533,
              50.0381278,
              0
            ],
            [
              22.0003081,
              50.036884,
              0
            ],
            [
              21.9994819,
              50.0369942,
              0
            ],
            [
              21.9982992,
              50.0367159,
              0
            ]
          ]
        ]
      }
    },
    {
      "type": "Feature",
      "id": "19",
      "properties": {
        "id": "19",
        "name": "19 Ligęzy",
        "number": "19",
        "color": "#1a237e"
      },
      "geometry": {
        "type": "Polygon",
        "coordinates": [
          [
            [
              22.0100066,
              50.0365529,
              0
            ],
            [
              22.0099451,
              50.0362425,
              0
            ],
            [
              22.0096492,
              50.0358573,
              0
            ],
            [
              22.0092889,
              50.0354997,
              0
            ],
            [
              22.0088402,
              50.0350452,
              0
            ],
            [
              22.0110772,
              50.0339219,
              0
            ],
            [
              22.0122922,
              50.0348298,
              0
            ],
            [
              22.0130352,
              50.0363029,
              0
            ],
            [
              22.0100066,
              50.0365529,
              0
            ]
          ]
        ]
      }
    },
    {
      "type": "Feature",
      "id": "20",
      "properties": {
        "id": "20",
        "name": "20 Szopena - Mickiewicza",
        "number": "20",
        "color": "#ffd600"
      },
      "geometry": {
        "type": "Polygon",
        "coordinates": [
          [
            [
              22.0092931,
              50.0354986,
              0
            ],
            [
              22.0094003,
              50.0355778,
              0
            ],
            [
              22.0092889,
              50.0354997,
              0
            ],
            [
              22.0092931,
              50.0354986,
              0
            ]
          ]
        ]
      }
    },
    {
      "type": "Feature",
      "id": "21",
      "properties": {
        "id": "21",
        "name": "21 Rynek",
        "number": "21",
        "color": "#0f9d58"
      },
      "geometry": {
        "type": "Polygon",
        "coordinates": [
          [
            [
              22.0034115,
              50.0375243,
              0
            ],
            [
              22.0037173,
              50.037483,
              0
            ],
            [
              22.0036284,
              50.0368039,
              0
            ],
            [
              22.0047067,
              50.0367316,
              0
            ],
            [
              22.0056574,
              50.0367537,
              0
            ],
            [
              22.0062958,
              50.0367967,
              0
            ],
            [
              22.0064446,
              50.0376004,
              0
            ],
            [
              22.006981,
              50.0376899,
              0
            ],
            [
              22.0070938,
              50.0380334,
              0
            ],
            [
              22.0062463,
              50.038127,
              0
            ],
            [
              22.0061765,
              50.0379099,
              0
            ],
            [
              22.0042856,
              50.0381408,
              0
            ],
            [
              22.0030652,
              50.0381735,
              0
            ],
            [
              22.0030384,
              50.0379272,
              0
            ],
            [
              22.0023839,
              50.037984,
              0
            ],
            [
              22.0023329,
              50.0375327,
              0
            ],
            [
              22.0034115,
              50.0375243,
              0
            ]
          ]
        ]
      }
    },
    {
      "type": "Feature",
      "id": "22",
      "properties": {
        "id": "22",
        "name": "22 Sokoła",
        "number": "22",
        "color": "#ffd600"
      },
      "geometry": {
        "type": "Polygon",
        "coordinates": [
          [
            [
              21.9979245,
              50.0388806,
              0
            ],
            [
              22.0006067,
              50.0384465,
              0
            ],
            [
              22.0005745,
              50.0381536,
              0
            ],
            [
              22.0023823,
              50.0379193,
              0
            ],
            [
              22.0023839,
              50.037984,
              0
            ],
            [
              22.0027337,
              50.0379607,
              0
            ],
            [
              22.0027095,
              50.0397867,
              0
            ],
            [
              22.0014328,
              50.0397075,
              0
            ],
            [
              21.9998557,
              50.0392906,
              0
            ],
            [
              21.9984019,
              50.0397971,
              0
            ],
            [
              21.9979245,
              50.0388806,
              0
            ]
          ]
        ]
      }
    },
    {
      "type": "Feature",
      "id": "23",
      "properties": {
        "id": "23",
        "name": "23 Okrzei",
        "number": "23",
        "color": "#a52714"
      },
      "geometry": {
        "type": "Polygon",
        "coordinates": [
          [
            [
              22.0027095,
              50.0397867,
              0
            ],
            [
              22.0027337,
              50.0379607,
              0
            ],
            [
              22.0030384,
              50.0379272,
              0
            ],
            [
              22.0030652,
              50.0381735,
              0
            ],
            [
              22.0042856,
              50.0381408,
              0
            ],
            [
              22.0061765,
              50.0379099,
              0
            ],
            [
              22.0062772,
              50.0381628,
              0
            ],
            [
              22.0053277,
              50.0383248,
              0
            ],
            [
              22.0059178,
              50.0393171,
              0
            ],
            [
              22.0042226,
              50.0398132,
              0
            ],
            [
              22.0027095,
              50.0397867,
              0
            ]
          ]
        ]
      }
    },
    {
      "type": "Feature",
      "id": "24",
      "properties": {
        "id": "24",
        "name": "24 Bożnicza Pl. Wolności",
        "number": "24",
        "color": "#1a237e"
      },
      "geometry": {
        "type": "Polygon",
        "coordinates": [
          [
            [
              22.0080415,
              50.0376521,
              0
            ],
            [
              22.0085511,
              50.0391474,
              0
            ],
            [
              22.0078609,
              50.0391738,
              0
            ],
            [
              22.007979,
              50.039887,
              0
            ],
            [
              22.0076088,
              50.0399077,
              0
            ],
            [
              22.0073942,
              50.0392014,
              0
            ],
            [
              22.0068792,
              50.0392393,
              0
            ],
            [
              22.0064715,
              50.0381058,
              0
            ],
            [
              22.0070938,
              50.0380334,
              0
            ],
            [
              22.006981,
              50.0376899,
              0
            ],
            [
              22.0080415,
              50.0376521,
              0
            ]
          ]
        ]
      }
    },
    {
      "type": "Feature",
      "id": "25",
      "properties": {
        "id": "25",
        "name": "25 Gałęzowskiego Targowa",
        "number": "25",
        "color": "#0f9d58"
      },
      "geometry": {
        "type": "Polygon",
        "coordinates": [
          [
            [
              22.0080415,
              50.0376521,
              0
            ],
            [
              22.0097491,
              50.0375866,
              0
            ],
            [
              22.0102784,
              50.0390716,
              0
            ],
            [
              22.0085511,
              50.0391474,
              0
            ],
            [
              22.0080415,
              50.0376521,
              0
            ]
          ]
        ]
      }
    },
    {
      "type": "Feature",
      "id": "26",
      "properties": {
        "id": "26",
        "name": "26 8 Marca",
        "number": "26",
        "color": "#1a237e"
      },
      "geometry": {
        "type": "Polygon",
        "coordinates": [
          [
            [
              22.0101669,
              50.0387701,
              0
            ],
            [
              22.0134231,
              50.038236,
              0
            ],
            [
              22.0135519,
              50.0385668,
              0
            ],
            [
              22.0102849,
              50.039094,
              0
            ],
            [
              22.0101669,
              50.0387701,
              0
            ]
          ]
        ]
      }
    },
    {
      "type": "Feature",
      "id": "27",
      "properties": {
        "id": "27",
        "name": "27 Piłsudskiego",
        "number": "27",
        "color": "#ffd600"
      },
      "geometry": {
        "type": "Polygon",
        "coordinates": [
          [
            [
              22.0102849,
              50.039094,
              0
            ],
            [
              22.0135519,
              50.0385668,
              0
            ],
            [
              22.0134231,
              50.038236,
              0
            ],
            [
              22.0138941,
              50.0381586,
              0
            ],
            [
              22.0142267,
              50.0390613,
              0
            ],
            [
              22.0137117,
              50.0391508,
              0
            ],
            [
              22.0138029,
              50.039454,
              0
            ],
            [
              22.0126066,
              50.0396366,
              0
            ],
            [
              22.0124403,
              50.0392887,
              0
            ],
            [
              22.0105037,
              50.0396022,
              0
            ],
            [
              22.0102849,
              50.039094,
              0
            ]
          ]
        ]
      }
    },
    {
      "type": "Feature",
      "id": "28",
      "properties": {
        "id": "28",
        "name": "28 Orzeszkowej bloki",
        "number": "28",
        "color": "#a52714"
      },
      "geometry": {
        "type": "Polygon",
        "coordinates": [
          [
            [
              22.0129439,
              50.0402802,
              0
            ],
            [
              22.0126864,
              50.0396187,
              0
            ],
            [
              22.0137485,
              50.0394705,
              0
            ],
            [
              22.0139899,
              50.0401699,
              0
            ],
            [
              22.0129439,
              50.0402802,
              0
            ]
          ]
        ]
      }
    },
    {
      "type": "Feature",
      "id": "29",
      "properties": {
        "id": "29",
        "name": "29 Siemiradzkiego 21",
        "number": "29",
        "color": "#0f9d58"
      },
      "geometry": {
        "type": "Polygon",
        "coordinates": [
          [
            [
              22.015099,
              50.0405414,
              0
            ],
            [
              22.014981,
              50.0401917,
              0
            ],
            [
              22.0153887,
              50.0401521,
              0
            ],
            [
              22.015488,
              50.0405053,
              0
            ],
            [
              22.015099,
              50.0405414,
              0
            ]
          ]
        ]
      }
    },
    {
      "type": "Feature",
      "id": "30",
      "properties": {
        "id": "30",
        "name": "30 Siemiradzkiego 19",
        "number": "30",
        "color": "#1a237e"
      },
      "geometry": {
        "type": "Polygon",
        "coordinates": [
          [
            [
              22.015099,
              50.0405414,
              0
            ],
            [
              22.0147316,
              50.0405725,
              0
            ],
            [
              22.0146243,
              50.040221,
              0
            ],
            [
              22.014981,
              50.0401917,
              0
            ],
            [
              22.015099,
              50.0405414,
              0
            ]
          ]
        ]
      }
    },
    {
      "type": "Feature",
      "id": "31",
      "properties": {
        "id": "31",
        "name": "31 Siemiradzkiego 5",
        "number": "31",
        "color": "#0f9d58"
      },
      "geometry": {
        "type": "Polygon",
        "coordinates": [
          [
            [
              22.0120064,
              50.0408122,
              0
            ],
            [
              22.0119313,
              50.0405142,
              0
            ],
            [
              22.0133582,
              50.0403712,
              0
            ],
            [
              22.0134413,
              50.0406744,
              0
            ],
            [
              22.0120064,
              50.0408122,
              0
            ]
          ]
        ]
      }
    },
    {
      "type": "Feature",
      "id": "32",
      "properties": {
        "id": "32",
        "name": "32 Śniadeckich",
        "number": "32",
        "color": "#ffd600"
      },
      "geometry": {
        "type": "Polygon",
        "coordinates": [
          [
            [
              22.0100347,
              50.0409621,
              0
            ],
            [
              22.0099542,
              50.0406968,
              0
            ],
            [
              22.0119313,
              50.0405142,
              0
            ],
            [
              22.0120064,
              50.0408122,
              0
            ],
            [
              22.0134036,
              50.0406796,
              0
            ],
            [
              22.0135913,
              50.0406555,
              0
            ],
            [
              22.0136557,
              50.041,
              0
            ],
            [
              22.0132051,
              50.0416856,
              0
            ],
            [
              22.0128242,
              50.0419715,
              0
            ],
            [
              22.0121215,
              50.0417269,
              0
            ],
            [
              22.0118157,
              50.0417717,
              0
            ],
            [
              22.01107,
              50.0408346,
              0
            ],
            [
              22.0100347,
              50.0409621,
              0
            ]
          ]
        ]
      }
    },
    {
      "type": "Feature",
      "id": "33",
      "properties": {
        "id": "33",
        "name": "33 Fredry 7",
        "number": "33",
        "color": "#a52714"
      },
      "geometry": {
        "type": "Polygon",
        "coordinates": [
          [
            [
              22.0108286,
              50.0413302,
              0
            ],
            [
              22.0106972,
              50.0408789,
              0
            ],
            [
              22.01107,
              50.0408346,
              0
            ],
            [
              22.0111907,
              50.0412958,
              0
            ],
            [
              22.0108286,
              50.0413302,
              0
            ]
          ]
        ]
      }
    },
    {
      "type": "Feature",
      "id": "34",
      "properties": {
        "id": "34",
        "name": "34 Batorego",
        "number": "34",
        "color": "#1a237e"
      },
      "geometry": {
        "type": "Polygon",
        "coordinates": [
          [
            [
              22.0074437,
              50.0426945,
              0
            ],
            [
              22.0073847,
              50.0420399,
              0
            ],
            [
              22.0101458,
              50.0413841,
              0
            ],
            [
              22.0100347,
              50.0409621,
              0
            ],
            [
              22.0106972,
              50.0408789,
              0
            ],
            [
              22.0108286,
              50.0413302,
              0
            ],
            [
              22.0114134,
              50.0412717,
              0
            ],
            [
              22.0118157,
              50.0417717,
              0
            ],
            [
              22.0121215,
              50.0417269,
              0
            ],
            [
              22.0128242,
              50.0419715,
              0
            ],
            [
              22.0121966,
              50.0424189,
              0
            ],
            [
              22.0120785,
              50.042784,
              0
            ],
            [
              22.0074437,
              50.0426945,
              0
            ]
          ]
        ]
      }
    },
    {
      "type": "Feature",
      "id": "35",
      "properties": {
        "id": "35",
        "name": "35 Styki",
        "number": "35",
        "color": "#a52714"
      },
      "geometry": {
        "type": "Polygon",
        "coordinates": [
          [
            [
              22.0120785,
              50.042784,
              0
            ],
            [
              22.0121966,
              50.0424189,
              0
            ],
            [
              22.0132051,
              50.0416856,
              0
            ],
            [
              22.0136557,
              50.041,
              0
            ],
            [
              22.0135859,
              50.0407548,
              0
            ],
            [
              22.0156673,
              50.0405481,
              0
            ],
            [
              22.0189504,
              50.04307,
              0
            ],
            [
              22.01659,
              50.0441242,
              0
            ],
            [
              22.0120088,
              50.0433111,
              0
            ],
            [
              22.0120785,
              50.042784,
              0
            ]
          ]
        ]
      }
    },
    {
      "type": "Feature",
      "id": "36",
      "properties": {
        "id": "36",
        "name": "36 Żeromskiego Ofiar Getta",
        "number": "36",
        "color": "#ffd600"
      },
      "geometry": {
        "type": "Polygon",
        "coordinates": [
          [
            [
              22.0073942,
              50.0392014,
              0
            ],
            [
              22.0076782,
              50.0401235,
              0
            ],
            [
              22.006085,
              50.0404405,
              0
            ],
            [
              22.0055271,
              50.0394241,
              0
            ],
            [
              22.0062137,
              50.0392553,
              0
            ],
            [
              22.0068792,
              50.0392393,
              0
            ],
            [
              22.0073942,
              50.0392014,
              0
            ]
          ]
        ]
      }
    },
    {
      "type": "Feature",
      "id": "37",
      "properties": {
        "id": "37",
        "name": "37 Sobieskiego",
        "number": "37",
        "color": "#0f9d58"
      },
      "geometry": {
        "type": "Polygon",
        "coordinates": [
          [
            [
              22.0027095,
              50.0397867,
              0
            ],
            [
              22.0042226,
              50.0398132,
              0
            ],
            [
              22.0055271,
              50.0394241,
              0
            ],
            [
              22.006085,
              50.0404405,
              0
            ],
            [
              22.0042134,
              50.0408245,
              0
            ],
            [
              22.0026684,
              50.04079,
              0
            ],
            [
              22.0027095,
              50.0397867,
              0
            ]
          ]
        ]
      }
    },
    {
      "type": "Feature",
      "id": "38",
      "properties": {
        "id": "38",
        "name": "38 Asnyka Bardowskiego",
        "number": "38",
        "color": "#a52714"
      },
      "geometry": {
        "type": "Polygon",
        "coordinates": [
          [
            [
              22.0050388,
              50.0416287,
              0
            ],
            [
              22.0045882,
              50.0407502,
              0
            ],
            [
              22.0076782,
              50.0401235,
              0
            ],
            [
              22.0097005,
              50.0396167,
              0
            ],
            [
              22.0101458,
              50.0413841,
              0
            ],
            [
              22.0078498,
              50.0419284,
              0
            ],
            [
              22.0073187,
              50.0409672,
              0
            ],
            [
              22.0050388,
              50.0416287,
              0
            ]
          ]
        ]
      }
    },
    {
      "type": "Feature",
      "id": "39",
      "properties": {
        "id": "39",
        "name": "39 Mikołaja",
        "number": "39",
        "color": "#ffd600"
      },
      "geometry": {
        "type": "Polygon",
        "coordinates": [
          [
            [
              22.0050135,
              50.0416675,
              0
            ],
            [
              22.0072934,
              50.041006,
              0
            ],
            [
              22.0078245,
              50.0419672,
              0
            ],
            [
              22.0060923,
              50.0423649,
              0
            ],
            [
              22.0054056,
              50.0423236,
              0
            ],
            [
              22.0050135,
              50.0416675,
              0
            ]
          ]
        ]
      }
    },
    {
      "type": "Feature",
      "id": "40",
      "properties": {
        "id": "40",
        "name": "40 Grottgera",
        "number": "40",
        "color": "#1a237e"
      },
      "geometry": {
        "type": "Polygon",
        "coordinates": [
          [
            [
              22.0001564,
              50.0425074,
              0
            ],
            [
              22.0016155,
              50.0421526,
              0
            ],
            [
              22.0016102,
              50.0417116,
              0
            ],
            [
              22.0025436,
              50.0416806,
              0
            ],
            [
              22.0026455,
              50.0408641,
              0
            ],
            [
              22.0046357,
              50.0408434,
              0
            ],
            [
              22.0052365,
              50.0419562,
              0
            ],
            [
              22.0023183,
              50.0420182,
              0
            ],
            [
              22.0023236,
              50.0425006,
              0
            ],
            [
              22.0003549,
              50.0428175,
              0
            ],
            [
              22.0001564,
              50.0425074,
              0
            ]
          ]
        ]
      }
    },
    {
      "type": "Feature",
      "id": "41",
      "properties": {
        "id": "41",
        "name": "41 Grunwaldzka 17",
        "number": "41",
        "color": "#ffd600"
      },
      "geometry": {
        "type": "Polygon",
        "coordinates": [
          [
            [
              22.0018566,
              50.0414151,
              0
            ],
            [
              22.0018754,
              50.0409345,
              0
            ],
            [
              22.0022107,
              50.0409413,
              0
            ],
            [
              22.0021704,
              50.041422,
              0
            ],
            [
              22.0018566,
              50.0414151,
              0
            ]
          ]
        ]
      }
    },
    {
      "type": "Feature",
      "id": "42",
      "properties": {
        "id": "42",
        "name": "42 Jabłońskiego 7 1-80",
        "number": "42",
        "color": "#bdbdbd"
      },
      "geometry": {
        "type": "Polygon",
        "coordinates": [
          [
            [
              22.0004711,
              50.0420543,
              0
            ],
            [
              22.000498,
              50.0414445,
              0
            ],
            [
              22.0011364,
              50.041448,
              0
            ],
            [
              22.0011363,
              50.0417512,
              0
            ],
            [
              22.0015708,
              50.0417442,
              0
            ],
            [
              22.0015655,
              50.0420646,
              0
            ],
            [
              22.0004711,
              50.0420543,
              0
            ]
          ]
        ]
      }
    },
    {
      "type": "Feature",
      "id": "43",
      "properties": {
        "id": "43",
        "name": "43 Jabłońskiego 7 81-160",
        "number": "43",
        "color": "#a52714"
      },
      "geometry": {
        "type": "Polygon",
        "coordinates": [
          [
            [
              22.0004711,
              50.0420543,
              0
            ],
            [
              22.000498,
              50.0414445,
              0
            ],
            [
              22.0011417,
              50.0414411,
              0
            ],
            [
              22.0011417,
              50.0417443,
              0
            ],
            [
              22.0015708,
              50.0417442,
              0
            ],
            [
              22.0015655,
              50.0420646,
              0
            ],
            [
              22.0004711,
              50.0420543,
              0
            ]
          ]
        ]
      }
    },
    {
      "type": "Feature",
      "id": "44",
      "properties": {
        "id": "44",
        "name": "44 Sienkiewicza 3",
        "number": "44",
        "color": "#ffd600"
      },
      "geometry": {
        "type": "Polygon",
        "coordinates": [
          [
            [
              22.0014808,
              50.0434341,
              0
            ],
            [
              22.0018001,
              50.044478,
              0
            ],
            [
              22.0012609,
              50.0445434,
              0
            ],
            [
              22.0009551,
              50.0434961,
              0
            ],
            [
              22.0014808,
              50.0434341,
              0
            ]
          ]
        ]
      }
    },
    {
      "type": "Feature",
      "id": "45",
      "properties": {
        "id": "45",
        "name": "45 Sienkiewicza 1",
        "number": "45",
        "color": "#1a237e"
      },
      "geometry": {
        "type": "Polygon",
        "coordinates": [
          [
            [
              22.0018242,
              50.0445538,
              0
            ],
            [
              22.0014808,
              50.0434341,
              0
            ],
            [
              22.0022319,
              50.0433514,
              0
            ],
            [
              22.0025537,
              50.0445503,
              0
            ],
            [
              22.0018564,
              50.0446571,
              0
            ],
            [
              22.0018242,
              50.0445538,
              0
            ]
          ]
        ]
      }
    },
    {
      "type": "Feature",
      "id": "46",
      "properties": {
        "id": "46",
        "name": "46 Sienkiewicza 2",
        "number": "46",
        "color": "#a52714"
      },
      "geometry": {
        "type": "Polygon",
        "coordinates": [
          [
            [
              22.0025537,
              50.0445503,
              0
            ],
            [
              22.002307,
              50.0436477,
              0
            ],
            [
              22.002897,
              50.0435823,
              0
            ],
            [
              22.0032243,
              50.0446915,
              0
            ],
            [
              22.002618,
              50.0447742,
              0
            ],
            [
              22.0025537,
              50.0445503,
              0
            ]
          ]
        ]
      }
    },
    {
      "type": "Feature",
      "id": "47",
      "properties": {
        "id": "47",
        "name": "47 Kochanowskiego 31",
        "number": "47",
        "color": "#000000"
      },
      "geometry": {
        "type": "Polygon",
        "coordinates": [
          [
            [
              22.0007446,
              50.0449725,
              0
            ],
            [
              22.0009645,
              50.0444833,
              0
            ],
            [
              22.0012636,
              50.0445417,
              0
            ],
            [
              22.0018001,
              50.0444797,
              0
            ],
            [
              22.0018591,
              50.0446554,
              0
            ],
            [
              22.0025564,
              50.0445486,
              0
            ],
            [
              22.0026207,
              50.0447725,
              0
            ],
            [
              22.0011737,
              50.0450069,
              0
            ],
            [
              22.0007446,
              50.0449725,
              0
            ]
          ]
        ]
      }
    },
    {
      "type": "Feature",
      "id": "48",
      "properties": {
        "id": "48",
        "name": "48 Marszałkowska",
        "number": "48",
        "color": "#ffd600"
      },
      "geometry": {
        "type": "Polygon",
        "coordinates": [
          [
            [
              22.0000965,
              50.0449109,
              0
            ],
            [
              22.0010085,
              50.0450522,
              0
            ],
            [
              22.0004559,
              50.046375,
              0
            ],
            [
              21.9995869,
              50.0462096,
              0
            ],
            [
              22.0000965,
              50.0449109,
              0
            ]
          ]
        ]
      }
    },
    {
      "type": "Feature",
      "id": "49",
      "properties": {
        "id": "49",
        "name": "49 Podchorążych 3",
        "number": "49",
        "color": "#a52714"
      },
      "geometry": {
        "type": "Polygon",
        "coordinates": [
          [
            [
              22.0004559,
              50.046375,
              0
            ],
            [
              22.0009919,
              50.0450859,
              0
            ],
            [
              22.0014854,
              50.0451548,
              0
            ],
            [
              22.0009597,
              50.046457,
              0
            ],
            [
              22.0004559,
              50.046375,
              0
            ]
          ]
        ]
      }
    },
    {
      "type": "Feature",
      "id": "50",
      "properties": {
        "id": "50",
        "name": "50 Szwoleżerów",
        "number": "50",
        "color": "#1a237e"
      },
      "geometry": {
        "type": "Polygon",
        "coordinates": [
          [
            [
              22.0021665,
              50.0449086,
              0
            ],
            [
              22.0027995,
              50.0458731,
              0
            ],
            [
              22.003234,
              50.0457664,
              0
            ],
            [
              22.003492,
              50.0460856,
              0
            ],
            [
              22.0025733,
              50.0463577,
              0
            ],
            [
              22.0014361,
              50.0451072,
              0
            ],
            [
              22.0013583,
              50.0450382,
              0
            ],
            [
              22.0021665,
              50.0449086,
              0
            ]
          ]
        ]
      }
    },
    {
      "type": "Feature",
      "id": "51",
      "properties": {
        "id": "51",
        "name": "51 Sienkiewicza 5,7",
        "number": "51",
        "color": "#ffd600"
      },
      "geometry": {
        "type": "Polygon",
        "coordinates": [
          [
            [
              22.0026332,
              50.0448121,
              0
            ],
            [
              22.003234,
              50.0457664,
              0
            ],
            [
              22.0027995,
              50.0458731,
              0
            ],
            [
              22.0021665,
              50.0449086,
              0
            ],
            [
              22.0026332,
              50.0448121,
              0
            ]
          ]
        ]
      }
    },
    {
      "type": "Feature",
      "id": "52",
      "properties": {
        "id": "52",
        "name": "52 Sienkiewicza 4, 6",
        "number": "52",
        "color": "#1a237e"
      },
      "geometry": {
        "type": "Polygon",
        "coordinates": [
          [
            [
              22.0029341,
              50.0453122,
              0
            ],
            [
              22.0026332,
              50.0448121,
              0
            ],
            [
              22.0035189,
              50.0446646,
              0
            ],
            [
              22.0036315,
              50.045202,
              0
            ],
            [
              22.0029341,
              50.0453122,
              0
            ]
          ]
        ]
      }
    },
    {
      "type": "Feature",
      "id": "53",
      "properties": {
        "id": "53",
        "name": "53 Sienkiewicza 8",
        "number": "53",
        "color": "#000000"
      },
      "geometry": {
        "type": "Polygon",
        "coordinates": [
          [
            [
              22.0029341,
              50.0453122,
              0
            ],
            [
              22.0037817,
              50.0451675,
              0
            ],
            [
              22.0038944,
              50.0455844,
              0
            ],
            [
              22.003234,
              50.0457664,
              0
            ],
            [
              22.0029341,
              50.0453122,
              0
            ]
          ]
        ]
      }
    },
    {
      "type": "Feature",
      "id": "54",
      "properties": {
        "id": "54",
        "name": "54 Sienkiewicza 10",
        "number": "54",
        "color": "#a52714"
      },
      "geometry": {
        "type": "Polygon",
        "coordinates": [
          [
            [
              22.003234,
              50.0457664,
              0
            ],
            [
              22.0038944,
              50.0455844,
              0
            ],
            [
              22.0040017,
              50.045996,
              0
            ],
            [
              22.003492,
              50.0460856,
              0
            ],
            [
              22.003234,
              50.0457664,
              0
            ]
          ]
        ]
      }
    },
    {
      "type": "Feature",
      "id": "55",
      "properties": {
        "id": "55",
        "name": "55 Sienkiewicza 12, 18",
        "number": "55",
        "color": "#ffd600"
      },
      "geometry": {
        "type": "Polygon",
        "coordinates": [
          [
            [
              22.003492,
              50.0460856,
              0
            ],
            [
              22.0043561,
              50.0459354,
              0
            ],
            [
              22.004619,
              50.0464263,
              0
            ],
            [
              22.0039055,
              50.0465314,
              0
            ],
            [
              22.003492,
              50.0460856,
              0
            ]
          ]
        ]
      }
    },
    {
      "type": "Feature",
      "id": "56",
      "properties": {
        "id": "56",
        "name": "56 Podchorążych 2",
        "number": "56",
        "color": "#ffd600"
      },
      "geometry": {
        "type": "Polygon",
        "coordinates": [
          [
            [
              22.0013395,
              50.0468961,
              0
            ],
            [
              22.0009704,
              50.0464122,
              0
            ],
            [
              22.0011367,
              50.0461194,
              0
            ],
            [
              22.0022364,
              50.0459919,
              0
            ],
            [
              22.0025733,
              50.0463577,
              0
            ],
            [
              22.0024607,
              50.0464,
              0
            ],
            [
              22.0025143,
              50.0464655,
              0
            ],
            [
              22.0013395,
              50.0468961,
              0
            ]
          ]
        ]
      }
    },
    {
      "type": "Feature",
      "id": "57",
      "properties": {
        "id": "57",
        "name": "57 Rycerska 9-15",
        "number": "57",
        "color": "#1a237e"
      },
      "geometry": {
        "type": "Polygon",
        "coordinates": [
          [
            [
              21.9998696,
              50.0479598,
              0
            ],
            [
              21.999537,
              50.0476153,
              0
            ],
            [
              22.001377,
              50.0469401,
              0
            ],
            [
              22.0017311,
              50.0473191,
              0
            ],
            [
              21.9998696,
              50.0479598,
              0
            ]
          ]
        ]
      }
    },
    {
      "type": "Feature",
      "id": "58",
      "properties": {
        "id": "58",
        "name": "58 Rycerska 5, 7",
        "number": "58",
        "color": "#a52714"
      },
      "geometry": {
        "type": "Polygon",
        "coordinates": [
          [
            [
              22.0028791,
              50.0468857,
              0
            ],
            [
              22.0017311,
              50.0473191,
              0
            ],
            [
              22.0013395,
              50.0468961,
              0
            ],
            [
              22.0025143,
              50.0464655,
              0
            ],
            [
              22.0028791,
              50.0468857,
              0
            ]
          ]
        ]
      }
    },
    {
      "type": "Feature",
      "id": "59",
      "properties": {
        "id": "59",
        "name": "59 Rycerska 1, 3",
        "number": "59",
        "color": "#000000"
      },
      "geometry": {
        "type": "Polygon",
        "coordinates": [
          [
            [
              22.0039055,
              50.0465314,
              0
            ],
            [
              22.0028791,
              50.0468857,
              0
            ],
            [
              22.0024607,
              50.0464,
              0
            ],
            [
              22.003492,
              50.0460856,
              0
            ],
            [
              22.0039055,
              50.0465314,
              0
            ]
          ]
        ]
      }
    },
    {
      "type": "Feature",
      "id": "60",
      "properties": {
        "id": "60",
        "name": "60 Kosynierów 2",
        "number": "60",
        "color": "#0f9d58"
      },
      "geometry": {
        "type": "Polygon",
        "coordinates": [
          [
            [
              22.0054599,
              50.0462907,
              0
            ],
            [
              22.0045876,
              50.0463331,
              0
            ],
            [
              22.0043668,
              50.0459233,
              0
            ],
            [
              22.0040124,
              50.0459839,
              0
            ],
            [
              22.0037924,
              50.0451554,
              0
            ],
            [
              22.0036422,
              50.0451899,
              0
            ],
            [
              22.0035296,
              50.0446525,
              0
            ],
            [
              22.0046755,
              50.0445231,
              0
            ],
            [
              22.0055424,
              50.0446898,
              0
            ],
            [
              22.0059823,
              50.044993,
              0
            ],
            [
              22.0059587,
              50.0453894,
              0
            ],
            [
              22.0057051,
              50.0453697,
              0
            ],
            [
              22.0054599,
              50.0462907,
              0
            ]
          ]
        ]
      }
    },
    {
      "type": "Feature",
      "id": "61",
      "properties": {
        "id": "61",
        "name": "61 Husarska 1,2",
        "number": "61",
        "color": "#000000"
      },
      "geometry": {
        "type": "Polygon",
        "coordinates": [
          [
            [
              22.0068185,
              50.0462667,
              0
            ],
            [
              22.0068399,
              50.0455019,
              0
            ],
            [
              22.0063303,
              50.0455053,
              0
            ],
            [
              22.0063383,
              50.0454318,
              0
            ],
            [
              22.0059533,
              50.0453963,
              0
            ],
            [
              22.0059909,
              50.0450587,
              0
            ],
            [
              22.008319,
              50.0452137,
              0
            ],
            [
              22.0083566,
              50.0458062,
              0
            ],
            [
              22.007391,
              50.0458338,
              0
            ],
            [
              22.0074086,
              50.0462322,
              0
            ],
            [
              22.0068185,
              50.0462667,
              0
            ]
          ]
        ]
      }
    },
    {
      "type": "Feature",
      "id": "62",
      "properties": {
        "id": "62",
        "name": "62 Kosynierów 1, 4",
        "number": "62",
        "color": "#1a237e"
      },
      "geometry": {
        "type": "Polygon",
        "coordinates": [
          [
            [
              22.0057228,
              50.0468127,
              0
            ],
            [
              22.0048591,
              50.0468919,
              0
            ],
            [
              22.0048987,
              50.0463176,
              0
            ],
            [
              22.0054492,
              50.0463028,
              0
            ],
            [
              22.0056624,
              50.0453801,
              0
            ],
            [
              22.0063383,
              50.0454318,
              0
            ],
            [
              22.0062056,
              50.0462787,
              0
            ],
            [
              22.0056745,
              50.0462994,
              0
            ],
            [
              22.0057228,
              50.0468127,
              0
            ]
          ]
        ]
      }
    },
    {
      "type": "Feature",
      "id": "63",
      "properties": {
        "id": "63",
        "name": "63 Kosynierów 3,5,6 + domki",
        "number": "63",
        "color": "#a52714"
      },
      "geometry": {
        "type": "Polygon",
        "coordinates": [
          [
            [
              22.0063303,
              50.0455053,
              0
            ],
            [
              22.0068399,
              50.0455019,
              0
            ],
            [
              22.0068185,
              50.0462667,
              0
            ],
            [
              22.0074086,
              50.0462322,
              0
            ],
            [
              22.0074609,
              50.0471675,
              0
            ],
            [
              22.0049718,
              50.0472295,
              0
            ],
            [
              22.0048591,
              50.0468919,
              0
            ],
            [
              22.0057228,
              50.0468127,
              0
            ],
            [
              22.0056745,
              50.0462994,
              0
            ],
            [
              22.0062056,
              50.0462787,
              0
            ],
            [
              22.0063303,
              50.0455053,
              0
            ]
          ]
        ]
      }
    },
    {
      "type": "Feature",
      "id": "64",
      "properties": {
        "id": "64",
        "name": "64 Kosynierów 16, 18",
        "number": "64",
        "color": "#ffd600"
      },
      "geometry": {
        "type": "Polygon",
        "coordinates": [
          [
            [
              22.0074086,
              50.0462322,
              0
            ],
            [
              22.007391,
              50.0458338,
              0
            ],
            [
              22.0083566,
              50.0458062,
              0
            ],
            [
              22.008319,
              50.0452137,
              0
            ],
            [
              22.0087681,
              50.045156,
              0
            ],
            [
              22.0092939,
              50.0455384,
              0
            ],
            [
              22.0093529,
              50.0462102,
              0
            ],
            [
              22.0074086,
              50.0462322,
              0
            ]
          ]
        ]
      }
    },
    {
      "type": "Feature",
      "id": "65",
      "properties": {
        "id": "65",
        "name": "65 Skargi 1",
        "number": "65",
        "color": "#a52714"
      },
      "geometry": {
        "type": "Polygon",
        "coordinates": [
          [
            [
              22.0114398,
              50.0447887,
              0
            ],
            [
              22.0110912,
              50.0452297,
              0
            ],
            [
              22.009691,
              50.0448094,
              0
            ],
            [
              22.0100344,
              50.0443856,
              0
            ],
            [
              22.0114398,
              50.0447887,
              0
            ]
          ]
        ]
      }
    },
    {
      "type": "Feature",
      "id": "66",
      "properties": {
        "id": "66",
        "name": "66 Skargi 2",
        "number": "66",
        "color": "#000000"
      },
      "geometry": {
        "type": "Polygon",
        "coordinates": [
          [
            [
              22.0114398,
              50.0447887,
              0
            ],
            [
              22.0118657,
              50.0448989,
              0
            ],
            [
              22.0106691,
              50.0464892,
              0
            ],
            [
              22.0102295,
              50.0463664,
              0
            ],
            [
              22.0114398,
              50.0447887,
              0
            ]
          ]
        ]
      }
    },
    {
      "type": "Feature",
      "id": "67",
      "properties": {
        "id": "67",
        "name": "67 Kosynierów 20, 22",
        "number": "67",
        "color": "#0f9d58"
      },
      "geometry": {
        "type": "Polygon",
        "coordinates": [
          [
            [
              22.0092939,
              50.0455384,
              0
            ],
            [
              22.0100522,
              50.0457313,
              0
            ],
            [
              22.0097732,
              50.0462239,
              0
            ],
            [
              22.0106691,
              50.0464892,
              0
            ],
            [
              22.0110982,
              50.0459346,
              0
            ],
            [
              22.0114845,
              50.0460517,
              0
            ],
            [
              22.0109373,
              50.0466752,
              0
            ],
            [
              22.0093529,
              50.0462102,
              0
            ],
            [
              22.0092939,
              50.0455384,
              0
            ]
          ]
        ]
      }
    },
    {
      "type": "Feature",
      "id": "68",
      "properties": {
        "id": "68",
        "name": "68 Piotra skargi 5, 7",
        "number": "68",
        "color": "#1a237e"
      },
      "geometry": {
        "type": "Polygon",
        "coordinates": [
          [
            [
              22.0100522,
              50.0457313,
              0
            ],
            [
              22.0106158,
              50.0458669,
              0
            ],
            [
              22.0097247,
              50.0471428,
              0
            ],
            [
              22.0074609,
              50.0471675,
              0
            ],
            [
              22.0074086,
              50.0462322,
              0
            ],
            [
              22.0093529,
              50.0462102,
              0
            ],
            [
              22.0097199,
              50.0463182,
              0
            ],
            [
              22.0100522,
              50.0457313,
              0
            ]
          ]
        ]
      }
    },
    {
      "type": "Feature",
      "id": "69",
      "properties": {
        "id": "69",
        "name": "69 Siemieńskiego 1",
        "number": "69",
        "color": "#ffd600"
      },
      "geometry": {
        "type": "Polygon",
        "coordinates": [
          [
            [
              22.0109373,
              50.0466752,
              0
            ],
            [
              22.012299,
              50.0450761,
              0
            ],
            [
              22.0129803,
              50.0452656,
              0
            ],
            [
              22.0136938,
              50.0443251,
              0
            ],
            [
              22.0139191,
              50.0437429,
              0
            ],
            [
              22.0148578,
              50.0438876,
              0
            ],
            [
              22.0161828,
              50.0444457,
              0
            ],
            [
              22.0165208,
              50.0447041,
              0
            ],
            [
              22.015818,
              50.0455722,
              0
            ],
            [
              22.0126584,
              50.0464472,
              0
            ],
            [
              22.0122507,
              50.0463163,
              0
            ],
            [
              22.0117626,
              50.046926,
              0
            ],
            [
              22.0109373,
              50.0466752,
              0
            ]
          ]
        ]
      }
    },
    {
      "type": "Feature",
      "id": "70",
      "properties": {
        "id": "70",
        "name": "70 Kosynierów 25",
        "number": "70",
        "color": "#1a237e"
      },
      "geometry": {
        "type": "Polygon",
        "coordinates": [
          [
            [
              22.0107303,
              50.0475848,
              0
            ],
            [
              22.0101777,
              50.0474229,
              0
            ],
            [
              22.0107624,
              50.0466169,
              0
            ],
            [
              22.0113364,
              50.0468029,
              0
            ],
            [
              22.0107303,
              50.0475848,
              0
            ]
          ]
        ]
      }
    },
    {
      "type": "Feature",
      "id": "71",
      "properties": {
        "id": "71",
        "name": "71 Kosynierów 23",
        "number": "71",
        "color": "#a52714"
      },
      "geometry": {
        "type": "Polygon",
        "coordinates": [
          [
            [
              22.0107624,
              50.0466169,
              0
            ],
            [
              22.0101777,
              50.0474229,
              0
            ],
            [
              22.0096198,
              50.0472748,
              0
            ],
            [
              22.0101885,
              50.0464412,
              0
            ],
            [
              22.0107624,
              50.0466169,
              0
            ]
          ]
        ]
      }
    },
    {
      "type": "Feature",
      "id": "72",
      "properties": {
        "id": "72",
        "name": "72 Siemieńskiego 17",
        "number": "72",
        "color": "#000000"
      },
      "geometry": {
        "type": "Polygon",
        "coordinates": [
          [
            [
              22.0107303,
              50.0475848,
              0
            ],
            [
              22.0109149,
              50.0473656,
              0
            ],
            [
              22.011446,
              50.0474896,
              0
            ],
            [
              22.010754,
              50.0484679,
              0
            ],
            [
              22.0099118,
              50.0482785,
              0
            ],
            [
              22.0101777,
              50.0474229,
              0
            ],
            [
              22.0107303,
              50.0475848,
              0
            ]
          ]
        ]
      }
    },
    {
      "type": "Feature",
      "id": "73",
      "properties": {
        "id": "73",
        "name": "73 Jasna",
        "number": "73",
        "color": "#0f9d58"
      },
      "geometry": {
        "type": "Polygon",
        "coordinates": [
          [
            [
              22.0049512,
              50.047236,
              0
            ],
            [
              22.0074403,
              50.047174,
              0
            ],
            [
              22.0097041,
              50.0471493,
              0
            ],
            [
              22.0095992,
              50.0472813,
              0
            ],
            [
              22.0101571,
              50.0474294,
              0
            ],
            [
              22.0098543,
              50.0484618,
              0
            ],
            [
              22.0092696,
              50.0484446,
              0
            ],
            [
              22.0075905,
              50.0486133,
              0
            ],
            [
              22.0067966,
              50.048913,
              0
            ],
            [
              22.0054233,
              50.0490474,
              0
            ],
            [
              22.0057666,
              50.0504769,
              0
            ],
            [
              22.0022583,
              50.0513001,
              0
            ],
            [
              22.0011157,
              50.0496984,
              0
            ],
            [
              22.0031595,
              50.0490956,
              0
            ],
            [
              22.003248,
              50.0492161,
              0
            ],
            [
              22.0053321,
              50.0488269,
              0
            ],
            [
              22.0049512,
              50.047236,
              0
            ]
          ]
        ]
      }
    },
    {
      "type": "Feature",
      "id": "74",
      "properties": {
        "id": "74",
        "name": "74 Lubelska/Warszawska",
        "number": "74",
        "description": "Lubelska 13, 13a, 13b, 14, 15a; Warszawska 18a, 18b",
        "color": "#a52714"
      },
      "geometry": {
        "type": "Polygon",
        "coordinates": [
          [
            [
              21.9985165,
              50.0524314,
              0
            ],
            [
              21.9994386,
              50.0519423,
              0
            ],
            [
              22.0019163,
              50.0512465,
              0
            ],
            [
              22.0015931,
              50.0506954,
              0
            ],
            [
              22.0012497,
              50.0502717,
              0
            ],
            [
              22.0008662,
              50.050375,
              0
            ],
            [
              21.9999824,
              50.0502256,
              0
            ],
            [
              22.0001876,
              50.0496181,
              0
            ],
            [
              22.000663,
              50.0495003,
              0
            ],
            [
              22.0000317,
              50.0486664,
              0
            ],
            [
              21.9987405,
              50.0488762,
              0
            ],
            [
              21.9973572,
              50.0522323,
              0
            ],
            [
              21.997551,
              50.0523539,
              0
            ],
            [
              21.9979802,
              50.0524779,
              0
            ],
            [
              21.9985165,
              50.0524314,
              0
            ]
          ]
        ]
      }
    },
    {
      "type": "Feature",
      "id": "80",
      "properties": {
        "id": "80",
        "name": "80 Siemieńskiego 20",
        "number": "80",
        "color": "#ffd600"
      },
      "geometry": {
        "type": "Polygon",
        "coordinates": [
          [
            [
              22.012007,
              50.0511735,
              0
            ],
            [
              22.0115993,
              50.0504088,
              0
            ],
            [
              22.0083324,
              50.0503709,
              0
            ],
            [
              22.0085148,
              50.0506603,
              0
            ],
            [
              22.0078496,
              50.0508084,
              0
            ],
            [
              22.0073883,
              50.0500988,
              0
            ],
            [
              22.008083,
              50.0499197,
              0
            ],
            [
              22.0083109,
              50.0503261,
              0
            ],
            [
              22.0115993,
              50.050364,
              0
            ],
            [
              22.0125488,
              50.0501711,
              0
            ],
            [
              22.0127205,
              50.0505122,
              0
            ],
            [
              22.0123611,
              50.0511218,
              0
            ],
            [
              22.012007,
              50.0511735,
              0
            ]
          ]
        ]
      }
    },
    {
      "type": "Feature",
      "id": "81",
      "properties": {
        "id": "81",
        "name": "81 Siemieńskiego 22 kl 1-3",
        "number": "81",
        "color": "#ffff8d"
      },
      "geometry": {
        "type": "Polygon",
        "coordinates": [
          [
            [
              22.0122707,
              50.0512816,
              0
            ],
            [
              22.0128715,
              50.0503171,
              0
            ],
            [
              22.0137191,
              50.0505514,
              0
            ],
            [
              22.0130915,
              50.0514573,
              0
            ],
            [
              22.0122707,
              50.0512816,
              0
            ]
          ]
        ]
      }
    },
    {
      "type": "Feature",
      "id": "82",
      "properties": {
        "id": "82",
        "name": "82 Siemieńskiego 22 kl 4-6",
        "number": "82",
        "color": "#000000"
      },
      "geometry": {
        "type": "Polygon",
        "coordinates": [
          [
            [
              22.0122707,
              50.0512816,
              0
            ],
            [
              22.0128715,
              50.0503171,
              0
            ],
            [
              22.0137191,
              50.0505514,
              0
            ],
            [
              22.0130915,
              50.0514573,
              0
            ],
            [
              22.0122707,
              50.0512816,
              0
            ]
          ]
        ]
      }
    },
    {
      "type": "Feature",
      "id": "83",
      "properties": {
        "id": "83",
        "name": "83 Zabłocie 5, 9",
        "number": "83",
        "color": "#ffd600"
      },
      "geometry": {
        "type": "Polygon",
        "coordinates": [
          [
            [
              22.0075373,
              50.0568421,
              0
            ],
            [
              22.0058754,
              50.0561821,
              0
            ],
            [
              22.0046845,
              50.0544393,
              0
            ],
            [
              22.0066907,
              50.0545185,
              0
            ],
            [
              22.00771,
              50.0549456,
              0
            ],
            [
              22.0086907,
              50.0565355,
              0
            ],
            [
              22.0079987,
              50.0563633,
              0
            ],
            [
              22.0075373,
              50.0568421,
              0
            ]
          ]
        ]
      }
    },
    {
      "type": "Feature",
      "id": "84",
      "properties": {
        "id": "84",
        "name": "84 Kolorowa 14-24",
        "number": "84",
        "color": "#1a237e"
      },
      "geometry": {
        "type": "Polygon",
        "coordinates": [
          [
            [
              22.0075373,
              50.0568421,
              0
            ],
            [
              22.0079987,
              50.0563633,
              0
            ],
            [
              22.0086907,
              50.0565355,
              0
            ],
            [
              22.009313,
              50.0571934,
              0
            ],
            [
              22.0111959,
              50.0580165,
              0
            ],
            [
              22.0109416,
              50.0582436,
              0
            ],
            [
              22.0075373,
              50.0568421,
              0
            ]
          ]
        ]
      }
    },
    {
      "type": "Feature",
      "id": "85",
      "properties": {
        "id": "85",
        "name": "85 Zabłocie 14",
        "number": "85",
        "color": "#e65100"
      },
      "geometry": {
        "type": "Polygon",
        "coordinates": [
          [
            [
              22.0094283,
              50.057245,
              0
            ],
            [
              22.0104985,
              50.0569971,
              0
            ],
            [
              22.0137775,
              50.0583833,
              0
            ],
            [
              22.0137755,
              50.0586218,
              0
            ],
            [
              22.0134418,
              50.0586171,
              0
            ],
            [
              22.0134306,
              50.0583116,
              0
            ],
            [
              22.0105148,
              50.0570775,
              0
            ],
            [
              22.0110054,
              50.0579373,
              0
            ],
            [
              22.0094283,
              50.057245,
              0
            ]
          ]
        ]
      }
    },
    {
      "type": "Feature",
      "id": "86",
      "properties": {
        "id": "86",
        "name": "86 Lubelska 36",
        "number": "86",
        "color": "#0f9d58"
      },
      "geometry": {
        "type": "Polygon",
        "coordinates": [
          [
            [
              22.0059796,
              50.0562185,
              0
            ],
            [
              22.0109416,
              50.0582436,
              0
            ],
            [
              22.0147195,
              50.0591115,
              0
            ],
            [
              22.0150569,
              50.0604379,
              0
            ],
            [
              22.0097676,
              50.0619049,
              0
            ],
            [
              22.0059796,
              50.0562185,
              0
            ]
          ]
        ]
      }
    },
    {
      "type": "Feature",
      "id": "87",
      "properties": {
        "id": "87",
        "name": "87 Staromieście I",
        "number": "87",
        "color": "#1a237e"
      },
      "geometry": {
        "type": "Polygon",
        "coordinates": [
          [
            [
              21.9952364,
              50.0566341,
              0
            ],
            [
              21.9965826,
              50.0534483,
              0
            ],
            [
              22.0001714,
              50.05195,
              0
            ],
            [
              22.0022206,
              50.0514265,
              0
            ],
            [
              22.0047257,
              50.0508581,
              0
            ],
            [
              22.0061258,
              50.05319,
              0
            ],
            [
              22.0066194,
              50.05376,
              0
            ],
            [
              22.0072954,
              50.0543542,
              0
            ],
            [
              22.0048545,
              50.0542853,
              0
            ],
            [
              22.0035295,
              50.0544437,
              0
            ],
            [
              22.0030414,
              50.0547055,
              0
            ],
            [
              22.0024406,
              50.0551739,
              0
            ],
            [
              22.002178,
              50.0556215,
              0
            ],
            [
              22.001545,
              50.0556697,
              0
            ],
            [
              22.000397,
              50.0561243,
              0
            ],
            [
              22.0000751,
              50.0567925,
              0
            ],
            [
              21.9970818,
              50.058301,
              0
            ],
            [
              21.9952364,
              50.0566341,
              0
            ]
          ]
        ]
      }
    },
    {
      "type": "Feature",
      "id": "88",
      "properties": {
        "id": "88",
        "name": "88 Staromieście II",
        "number": "88",
        "color": "#ffd600"
      },
      "geometry": {
        "type": "Polygon",
        "coordinates": [
          [
            [
              21.9943205,
              50.0654421,
              0
            ],
            [
              21.9928507,
              50.0661859,
              0
            ],
            [
              21.9913272,
              50.0659724,
              0
            ],
            [
              21.9926678,
              50.062804,
              0
            ],
            [
              21.9933864,
              50.0611096,
              0
            ],
            [
              21.9949739,
              50.0613436,
              0
            ],
            [
              21.996683,
              50.0610452,
              0
            ],
            [
              21.9960044,
              50.0616341,
              0
            ],
            [
              21.9956155,
              50.0623194,
              0
            ],
            [
              21.9957818,
              50.063015,
              0
            ],
            [
              21.9957113,
              50.0634392,
              0
            ],
            [
              21.9956442,
              50.0638455,
              0
            ],
            [
              21.994381,
              50.0654853,
              0
            ],
            [
              21.9943205,
              50.0654421,
              0
            ]
          ]
        ]
      }
    },
    {
      "type": "Feature",
      "id": "88-84",
      "properties": {
        "id": "88-84",
        "name": "88-1 Staromieście II",
        "number": "88-84",
        "color": "#000000"
      },
      "geometry": {
        "type": "Polygon",
        "coordinates": [
          [
            [
              21.996683,
              50.0610452,
              0
            ],
            [
              21.9949739,
              50.0613436,
              0
            ],
            [
              21.9933864,
              50.0611096,
              0
            ],
            [
              21.9952364,
              50.0566341,
              0
            ],
            [
              21.9970818,
              50.058301,
              0
            ],
            [
              22.0000751,
              50.0567925,
              0
            ],
            [
              22.000397,
              50.0561243,
              0
            ],
            [
              22.001545,
              50.0556697,
              0
            ],
            [
              22.002178,
              50.0556215,
              0
            ],
            [
              22.0015343,
              50.0576328,
              0
            ],
            [
              22.0013304,
              50.0580461,
              0
            ],
            [
              22.0011266,
              50.0579773,
              0
            ],
            [
              22.0002361,
              50.0582665,
              0
            ],
            [
              21.999249,
              50.058728,
              0
            ],
            [
              21.9979508,
              50.0595133,
              0
            ],
            [
              21.996683,
              50.0610452,
              0
            ]
          ]
        ]
      }
    },
    {
      "type": "Feature",
      "id": "89",
      "properties": {
        "id": "89",
        "name": "89 Staromieście III",
        "number": "89",
        "color": "#a52714"
      },
      "geometry": {
        "type": "Polygon",
        "coordinates": [
          [
            [
              22.0046507,
              50.0549053,
              0
            ],
            [
              22.0096529,
              50.0621009,
              0
            ],
            [
              22.0078719,
              50.0626174,
              0
            ],
            [
              22.0028723,
              50.0600484,
              0
            ],
            [
              22.0032478,
              50.0597729,
              0
            ],
            [
              22.0038594,
              50.0596213,
              0
            ],
            [
              22.0025934,
              50.0590565,
              0
            ],
            [
              22.0015933,
              50.0582596,
              0
            ],
            [
              22.0022263,
              50.0580702,
              0
            ],
            [
              22.0025669,
              50.0578653,
              0
            ],
            [
              22.0031731,
              50.0567254,
              0
            ],
            [
              22.0032367,
              50.0564305,
              0
            ],
            [
              22.003236,
              50.056053,
              0
            ],
            [
              22.0034746,
              50.0555071,
              0
            ],
            [
              22.0039747,
              50.0551584,
              0
            ],
            [
              22.0046507,
              50.0549053,
              0
            ]
          ]
        ]
      }
    },
    {
      "type": "Feature",
      "id": "89-86",
      "properties": {
        "id": "89-86",
        "name": "89-1 Staromieście III",
        "number": "89-86",
        "color": "#7cb342"
      },
      "geometry": {
        "type": "Polygon",
        "coordinates": [
          [
            [
              22.0015933,
              50.0582596,
              0
            ],
            [
              22.0013304,
              50.0580461,
              0
            ],
            [
              22.0015343,
              50.0576328,
              0
            ],
            [
              22.002178,
              50.0556215,
              0
            ],
            [
              22.0024406,
              50.0551739,
              0
            ],
            [
              22.0030414,
              50.0547055,
              0
            ],
            [
              22.0035295,
              50.0544437,
              0
            ],
            [
              22.0044342,
              50.054339,
              0
            ],
            [
              22.0046507,
              50.0549053,
              0
            ],
            [
              22.0039747,
              50.0551584,
              0
            ],
            [
              22.0037059,
              50.0553112,
              0
            ],
            [
              22.0034746,
              50.0555071,
              0
            ],
            [
              22.0033552,
              50.055737,
              0
            ],
            [
              22.003236,
              50.056053,
              0
            ],
            [
              22.0032367,
              50.0564305,
              0
            ],
            [
              22.0031731,
              50.0567254,
              0
            ],
            [
              22.0025669,
              50.0578653,
              0
            ],
            [
              22.0022263,
              50.0580702,
              0
            ],
            [
              22.0015933,
              50.0582596,
              0
            ]
          ]
        ]
      }
    },
    {
      "type": "Feature",
      "id": "90",
      "properties": {
        "id": "90",
        "name": "90 Staromieście IV",
        "number": "90",
        "color": "#1a237e"
      },
      "geometry": {
        "type": "Polygon",
        "coordinates": [
          [
            [
              22.0019469,
              50.060484,
              0
            ],
            [
              22.0008151,
              50.0614218,
              0
            ],
            [
              22.0004473,
              50.0615503,
              0
            ],
            [
              21.9994572,
              50.0615756,
              0
            ],
            [
              21.9990542,
              50.0616984,
              0
            ],
            [
              21.9983232,
              50.0622074,
              0
            ],
            [
              21.9977199,
              50.0624948,
              0
            ],
            [
              21.9960446,
              50.0633542,
              0
            ],
            [
              21.9957113,
              50.0634392,
              0
            ],
            [
              21.9957818,
              50.063015,
              0
            ],
            [
              21.9956155,
              50.0623194,
              0
            ],
            [
              21.9960044,
              50.0616341,
              0
            ],
            [
              21.996683,
              50.0610452,
              0
            ],
            [
              21.9971891,
              50.0608839,
              0
            ],
            [
              21.9970174,
              50.0606497,
              0
            ],
            [
              21.9979508,
              50.0595133,
              0
            ],
            [
              21.999249,
              50.058728,
              0
            ],
            [
              22.0002361,
              50.0582665,
              0
            ],
            [
              22.0011266,
              50.0579773,
              0
            ],
            [
              22.0013304,
              50.0580461,
              0
            ],
            [
              22.0025934,
              50.0590565,
              0
            ],
            [
              22.0038594,
              50.0596213,
              0
            ],
            [
              22.0032478,
              50.0597729,
              0
            ],
            [
              22.0028723,
              50.0600484,
              0
            ],
            [
              22.0019469,
              50.060484,
              0
            ]
          ]
        ]
      }
    },
    {
      "type": "Feature",
      "id": "90-88",
      "properties": {
        "id": "90-88",
        "name": "90-1 Staromieście IV",
        "number": "90-88",
        "color": "#097138"
      },
      "geometry": {
        "type": "Polygon",
        "coordinates": [
          [
            [
              21.9956442,
              50.0638455,
              0
            ],
            [
              21.9957113,
              50.0634392,
              0
            ],
            [
              21.9960446,
              50.0633542,
              0
            ],
            [
              21.9977199,
              50.0624948,
              0
            ],
            [
              21.9983232,
              50.0622074,
              0
            ],
            [
              21.9990542,
              50.0616984,
              0
            ],
            [
              21.9994572,
              50.0615756,
              0
            ],
            [
              22.0004473,
              50.0615503,
              0
            ],
            [
              22.0008151,
              50.0614218,
              0
            ],
            [
              22.0019469,
              50.060484,
              0
            ],
            [
              22.0028723,
              50.0600484,
              0
            ],
            [
              22.0078719,
              50.0626174,
              0
            ],
            [
              22.0048903,
              50.0634892,
              0
            ],
            [
              22.0010573,
              50.0646319,
              0
            ],
            [
              21.9986318,
              50.0653033,
              0
            ],
            [
              21.996936,
              50.0654925,
              0
            ],
            [
              21.994381,
              50.0654853,
              0
            ],
            [
              21.9956442,
              50.0638455,
              0
            ]
          ]
        ]
      }
    },
    {
      "type": "Feature",
      "id": "91",
      "properties": {
        "id": "91",
        "name": "91 Miłocin",
        "number": "91",
        "color": "#a52714"
      },
      "geometry": {
        "type": "Polygon",
        "coordinates": [
          [
            [
              21.9864545,
              50.0778802,
              0
            ],
            [
              21.9913272,
              50.0659724,
              0
            ],
            [
              21.9928507,
              50.0661859,
              0
            ],
            [
              21.9943205,
              50.0654421,
              0
            ],
            [
              21.9977155,
              50.0705025,
              0
            ],
            [
              21.9992121,
              50.07304,
              0
            ],
            [
              22.0006016,
              50.0757427,
              0
            ],
            [
              22.0007668,
              50.0782588,
              0
            ],
            [
              21.9998549,
              50.078252,
              0
            ],
            [
              21.9974194,
              50.0780385,
              0
            ],
            [
              21.9965504,
              50.0779903,
              0
            ],
            [
              21.9938038,
              50.0779697,
              0
            ],
            [
              21.9928489,
              50.0781349,
              0
            ],
            [
              21.9906388,
              50.0779903,
              0
            ],
            [
              21.9902955,
              50.0779146,
              0
            ],
            [
              21.9893728,
              50.0776943,
              0
            ],
            [
              21.988611,
              50.0776805,
              0
            ],
            [
              21.987345,
              50.077949,
              0
            ],
            [
              21.9864545,
              50.0778802,
              0
            ]
          ]
        ]
      }
    },
    {
      "type": "Feature",
      "id": "92",
      "properties": {
        "id": "92",
        "name": "92 Gromskiego",
        "number": "92",
        "description": "Gromskiego 2, 4, 6, 8, 10, 12, 14, 16",
        "color": "#000000"
      },
      "geometry": {
        "type": "Polygon",
        "coordinates": [
          [
            [
              22.0073756,
              50.0642094,
              0
            ],
            [
              22.0066514,
              50.0632589,
              0
            ],
            [
              22.0082982,
              50.0628148,
              0
            ],
            [
              22.0093282,
              50.0643368,
              0
            ],
            [
              22.0114391,
              50.0659648,
              0
            ],
            [
              22.010263,
              50.0665067,
              0
            ],
            [
              22.0084216,
              50.064893,
              0
            ],
            [
              22.0073756,
              50.0642094,
              0
            ]
          ]
        ]
      }
    },
    {
      "type": "Feature",
      "id": "93",
      "properties": {
        "id": "93",
        "name": "93 Lubelska",
        "number": "93",
        "description": "Lubelska 91, 93, 95, 101, 103, 105",
        "color": "#fada80"
      },
      "geometry": {
        "type": "Polygon",
        "coordinates": [
          [
            [
              22.0145634,
              50.0692662,
              0
            ],
            [
              22.0149296,
              50.0696161,
              0
            ],
            [
              22.0140994,
              50.0702019,
              0
            ],
            [
              22.0136917,
              50.0698257,
              0
            ],
            [
              22.0125035,
              50.070399,
              0
            ],
            [
              22.0110766,
              50.0689632,
              0
            ],
            [
              22.0134959,
              50.068223,
              0
            ],
            [
              22.0145634,
              50.0692662,
              0
            ]
          ]
        ]
      }
    },
    {
      "type": "Feature",
      "id": "94",
      "properties": {
        "id": "94",
        "name": "94 Lubelska",
        "number": "94",
        "description": "Lubelska 97, 99, 107, 109, 111, 113, 115",
        "color": "#01579b"
      },
      "geometry": {
        "type": "Polygon",
        "coordinates": [
          [
            [
              22.0151482,
              50.0727816,
              0
            ],
            [
              22.0125035,
              50.070399,
              0
            ],
            [
              22.0136917,
              50.0698257,
              0
            ],
            [
              22.0140994,
              50.0702019,
              0
            ],
            [
              22.0149296,
              50.0696161,
              0
            ],
            [
              22.0161788,
              50.0706893,
              0
            ],
            [
              22.0151482,
              50.0727816,
              0
            ]
          ]
        ]
      }
    },
    {
      "type": "Feature",
      "id": "95",
      "properties": {
        "id": "95",
        "name": "95 Gromskiego/Niecia",
        "number": "95",
        "description": "Gromskiego 5, 7, 9; Niecia 2, 4, 6",
        "color": "#0f9d58"
      },
      "geometry": {
        "type": "Polygon",
        "coordinates": [
          [
            [
              22.0050695,
              50.0651248,
              0
            ],
            [
              22.0060709,
              50.0648559,
              0
            ],
            [
              22.0073756,
              50.0642094,
              0
            ],
            [
              22.0084216,
              50.064893,
              0
            ],
            [
              22.0082293,
              50.0650164,
              0
            ],
            [
              22.0076606,
              50.066034,
              0
            ],
            [
              22.0059359,
              50.0658721,
              0
            ],
            [
              22.0050695,
              50.0651248,
              0
            ]
          ]
        ]
      }
    },
    {
      "type": "Feature",
      "id": "96",
      "properties": {
        "id": "96",
        "name": "96 Niecia/Gromskiego",
        "number": "96",
        "description": "Niecia 1, 3, 5, 7, 9, 11, 13; Gromskiego 1, 3",
        "color": "#ffd600"
      },
      "geometry": {
        "type": "Polygon",
        "coordinates": [
          [
            [
              22.0073756,
              50.0642094,
              0
            ],
            [
              22.0060709,
              50.0648559,
              0
            ],
            [
              22.0019659,
              50.0659361,
              0
            ],
            [
              22.0012203,
              50.0647653,
              0
            ],
            [
              22.0066514,
              50.0632589,
              0
            ],
            [
              22.0073756,
              50.0642094,
              0
            ]
          ]
        ]
      }
    },
    {
      "type": "Feature",
      "id": "97",
      "properties": {
        "id": "97",
        "name": "97 Lubelska/Welca",
        "number": "97",
        "description": "Lubelska 71, 73, 75, 77, 79, 81, 83, 85; Welca 5, 7, 9, 11",
        "color": "#ffd600"
      },
      "geometry": {
        "type": "Polygon",
        "coordinates": [
          [
            [
              22.0098775,
              50.0688322,
              0
            ],
            [
              22.0090098,
              50.0683467,
              0
            ],
            [
              22.0033147,
              50.0685114,
              0
            ],
            [
              22.0042178,
              50.0696263,
              0
            ],
            [
              22.003685,
              50.0697834,
              0
            ],
            [
              22.0017373,
              50.0679352,
              0
            ],
            [
              22.0024439,
              50.0676751,
              0
            ],
            [
              22.0032894,
              50.0684835,
              0
            ],
            [
              22.0089803,
              50.0683273,
              0
            ],
            [
              22.0082414,
              50.0678974,
              0
            ],
            [
              22.009392,
              50.0671192,
              0
            ],
            [
              22.0113179,
              50.0684294,
              0
            ],
            [
              22.0105293,
              50.0686411,
              0
            ],
            [
              22.0098775,
              50.0688322,
              0
            ]
          ]
        ]
      }
    },
    {
      "type": "Feature",
      "id": "117",
      "properties": {
        "id": "117",
        "name": "117 Trzebownisko A",
        "number": "117",
        "color": "#0f9d58"
      },
      "geometry": {
        "type": "Polygon",
        "coordinates": [
          [
            [
              22.0317728,
              50.0786229,
              0
            ],
            [
              22.0274812,
              50.0788845,
              0
            ],
            [
              22.0275993,
              50.0768775,
              0
            ],
            [
              22.0275027,
              50.0762096,
              0
            ],
            [
              22.0265049,
              50.0749599,
              0
            ],
            [
              22.0241285,
              50.0735896,
              0
            ],
            [
              22.025158,
              50.0724903,
              0
            ],
            [
              22.0269604,
              50.0732065,
              0
            ],
            [
              22.029192,
              50.0730963,
              0
            ],
            [
              22.0318528,
              50.0733167,
              0
            ],
            [
              22.0359727,
              50.0767319,
              0
            ],
            [
              22.039835,
              50.0764014,
              0
            ],
            [
              22.0422383,
              50.0766217,
              0
            ],
            [
              22.0426192,
              50.0769522,
              0
            ],
            [
              22.0421607,
              50.0773521,
              0
            ],
            [
              22.042013,
              50.0774067,
              0
            ],
            [
              22.0418316,
              50.0774339,
              0
            ],
            [
              22.0416116,
              50.0774787,
              0
            ],
            [
              22.0395244,
              50.0777622,
              0
            ],
            [
              22.0367563,
              50.0778862,
              0
            ],
            [
              22.0347822,
              50.078134,
              0
            ],
            [
              22.0326204,
              50.0782167,
              0
            ],
            [
              22.0317728,
              50.0786229,
              0
            ]
          ]
        ]
      }
    },
    {
      "type": "Feature",
      "id": "117-97",
      "properties": {
        "id": "117-97",
        "name": "117-1 Trzebownisko A",
        "number": "117-97",
        "color": "#9c27b0"
      },
      "geometry": {
        "type": "Polygon",
        "coordinates": [
          [
            [
              22.0402325,
              50.0812254,
              0
            ],
            [
              22.0395244,
              50.0777622,
              0
            ],
            [
              22.039935,
              50.0777074,
              0
            ],
            [
              22.0405548,
              50.0776233,
              0
            ],
            [
              22.0416116,
              50.0774787,
              0
            ],
            [
              22.0418316,
              50.0774339,
              0
            ],
            [
              22.042013,
              50.0774067,
              0
            ],
            [
              22.0421607,
              50.0773521,
              0
            ],
            [
              22.0426192,
              50.0769522,
              0
            ],
            [
              22.0442982,
              50.0784394,
              0
            ],
            [
              22.0458432,
              50.0810833,
              0
            ],
            [
              22.0497914,
              50.0816891,
              0
            ],
            [
              22.0522805,
              50.0831762,
              0
            ],
            [
              22.0528126,
              50.0845424,
              0
            ],
            [
              22.0436803,
              50.0850408,
              0
            ],
            [
              22.0433921,
              50.0846848,
              0
            ],
            [
              22.0402325,
              50.0812254,
              0
            ]
          ]
        ]
      }
    },
    {
      "type": "Feature",
      "id": "118",
      "properties": {
        "id": "118",
        "name": "118 Trzebownisko B",
        "number": "118",
        "description": "oprócz bloków",
        "color": "#ffd600"
      },
      "geometry": {
        "type": "Polygon",
        "coordinates": [
          [
            [
              22.0241285,
              50.0735896,
              0
            ],
            [
              22.0265049,
              50.0749599,
              0
            ],
            [
              22.0275027,
              50.0762096,
              0
            ],
            [
              22.0275993,
              50.0768775,
              0
            ],
            [
              22.0274812,
              50.0788845,
              0
            ],
            [
              22.0174373,
              50.0794533,
              0
            ],
            [
              22.0140934,
              50.0813136,
              0
            ],
            [
              22.013439,
              50.080935,
              0
            ],
            [
              22.013911,
              50.0806802,
              0
            ],
            [
              22.0133102,
              50.080398,
              0
            ],
            [
              22.0117867,
              50.0813412,
              0
            ],
            [
              22.012669,
              50.0818748,
              0
            ],
            [
              22.0062771,
              50.0818422,
              0
            ],
            [
              22.0062345,
              50.0801346,
              0
            ],
            [
              22.0133262,
              50.0801415,
              0
            ],
            [
              22.0138922,
              50.0801251,
              0
            ],
            [
              22.0138789,
              50.079379,
              0
            ],
            [
              22.0141578,
              50.0793583,
              0
            ],
            [
              22.0141578,
              50.0783944,
              0
            ],
            [
              22.0215221,
              50.0776884,
              0
            ],
            [
              22.0206423,
              50.0747621,
              0
            ],
            [
              22.0241285,
              50.0735896,
              0
            ]
          ]
        ]
      }
    },
    {
      "type": "Feature",
      "id": "119",
      "properties": {
        "id": "119",
        "name": "119 Trzebownisko C",
        "number": "119",
        "color": "#1a237e"
      },
      "geometry": {
        "type": "Polygon",
        "coordinates": [
          [
            [
              22.0317728,
              50.0786229,
              0
            ],
            [
              22.0326204,
              50.0782167,
              0
            ],
            [
              22.0347822,
              50.078134,
              0
            ],
            [
              22.0367563,
              50.0778862,
              0
            ],
            [
              22.0395244,
              50.0777553,
              0
            ],
            [
              22.0402325,
              50.0812254,
              0
            ],
            [
              22.0433921,
              50.0846848,
              0
            ],
            [
              22.0432258,
              50.0848913,
              0
            ],
            [
              22.0425463,
              50.0845777,
              0
            ],
            [
              22.0411945,
              50.0842541,
              0
            ],
            [
              22.0373105,
              50.0837696,
              0
            ],
            [
              22.0374131,
              50.0832733,
              0
            ],
            [
              22.0374942,
              50.0826806,
              0
            ],
            [
              22.0375807,
              50.0809554,
              0
            ],
            [
              22.0377209,
              50.0804695,
              0
            ],
            [
              22.0376055,
              50.0801986,
              0
            ],
            [
              22.0363369,
              50.0801274,
              0
            ],
            [
              22.0347357,
              50.080187,
              0
            ],
            [
              22.03318,
              50.0802541,
              0
            ],
            [
              22.0318497,
              50.0801302,
              0
            ],
            [
              22.0317728,
              50.0786229,
              0
            ]
          ]
        ]
      }
    },
    {
      "type": "Feature",
      "id": "119-100",
      "properties": {
        "id": "119-100",
        "name": "119-1 Trzebownisko C",
        "number": "119-100",
        "color": "#a52714"
      },
      "geometry": {
        "type": "Polygon",
        "coordinates": [
          [
            [
              22.0373105,
              50.0837696,
              0
            ],
            [
              22.0316243,
              50.0831285,
              0
            ],
            [
              22.0318819,
              50.080471,
              0
            ],
            [
              22.0318497,
              50.0801302,
              0
            ],
            [
              22.03318,
              50.0802541,
              0
            ],
            [
              22.0363369,
              50.0801274,
              0
            ],
            [
              22.0376055,
              50.0801986,
              0
            ],
            [
              22.0377209,
              50.0804695,
              0
            ],
            [
              22.0375807,
              50.0809554,
              0
            ],
            [
              22.0374942,
              50.0826806,
              0
            ],
            [
              22.0373105,
              50.0837696,
              0
            ]
          ]
        ]
      }
    },
    {
      "type": "Feature",
      "id": "120",
      "properties": {
        "id": "120",
        "name": "120 Trzebownisko D",
        "number": "120",
        "color": "#a52714"
      },
      "geometry": {
        "type": "Polygon",
        "coordinates": [
          [
            [
              22.0130903,
              50.0818816,
              0
            ],
            [
              22.0174373,
              50.0794533,
              0
            ],
            [
              22.0274812,
              50.0788845,
              0
            ],
            [
              22.027424,
              50.0799822,
              0
            ],
            [
              22.0278209,
              50.081008,
              0
            ],
            [
              22.0284685,
              50.0817929,
              0
            ],
            [
              22.0288548,
              50.0820494,
              0
            ],
            [
              22.0294112,
              50.0824297,
              0
            ],
            [
              22.0230919,
              50.0824263,
              0
            ],
            [
              22.0230061,
              50.0833626,
              0
            ],
            [
              22.0216328,
              50.0833489,
              0
            ],
            [
              22.0216113,
              50.0827706,
              0
            ],
            [
              22.0130282,
              50.0829358,
              0
            ],
            [
              22.0130903,
              50.0818816,
              0
            ]
          ]
        ]
      }
    },
    {
      "type": "Feature",
      "id": "120-102",
      "properties": {
        "id": "120-102",
        "name": "120-1 Trzebownisko D",
        "number": "120-102",
        "color": "#000000"
      },
      "geometry": {
        "type": "Polygon",
        "coordinates": [
          [
            [
              22.0294112,
              50.0824297,
              0
            ],
            [
              22.0284685,
              50.0817929,
              0
            ],
            [
              22.0278209,
              50.081008,
              0
            ],
            [
              22.027424,
              50.0799822,
              0
            ],
            [
              22.0274025,
              50.0792834,
              0
            ],
            [
              22.0274812,
              50.0788845,
              0
            ],
            [
              22.0317728,
              50.0786229,
              0
            ],
            [
              22.0318819,
              50.080471,
              0
            ],
            [
              22.0316243,
              50.0831285,
              0
            ],
            [
              22.0294112,
              50.0824297,
              0
            ]
          ]
        ]
      }
    },
    {
      "type": "Feature",
      "id": "121",
      "properties": {
        "id": "121",
        "name": "121 Trzebownisko E",
        "number": "121",
        "color": "#ffd600"
      },
      "geometry": {
        "type": "Polygon",
        "coordinates": [
          [
            [
              22.0465576,
              50.0880936,
              0
            ],
            [
              22.0364296,
              50.0880523,
              0
            ],
            [
              22.0362579,
              50.0911775,
              0
            ],
            [
              22.0319878,
              50.0910536,
              0
            ],
            [
              22.0331036,
              50.0879697,
              0
            ],
            [
              22.0303785,
              50.0869234,
              0
            ],
            [
              22.0316136,
              50.0831216,
              0
            ],
            [
              22.036494,
              50.0836879,
              0
            ],
            [
              22.0410215,
              50.0842248,
              0
            ],
            [
              22.0425356,
              50.0845708,
              0
            ],
            [
              22.0432151,
              50.0848844,
              0
            ],
            [
              22.0433814,
              50.0846779,
              0
            ],
            [
              22.0436803,
              50.0850408,
              0
            ],
            [
              22.0528126,
              50.0845424,
              0
            ],
            [
              22.0528706,
              50.0847113,
              0
            ],
            [
              22.0522698,
              50.0854273,
              0
            ],
            [
              22.0491799,
              50.0865838,
              0
            ],
            [
              22.0478151,
              50.0881028,
              0
            ],
            [
              22.0465576,
              50.0880936,
              0
            ]
          ]
        ]
      }
    },
    {
      "type": "Feature",
      "id": "122",
      "properties": {
        "id": "122",
        "name": "122 Trzebownisko Bloki",
        "number": "122",
        "color": "#000000"
      },
      "geometry": {
        "type": "Polygon",
        "coordinates": [
          [
            [
              22.0128811,
              50.0820021,
              0
            ],
            [
              22.0117867,
              50.0813412,
              0
            ],
            [
              22.0133102,
              50.080398,
              0
            ],
            [
              22.0132351,
              50.0784013,
              0
            ],
            [
              22.0141578,
              50.0783944,
              0
            ],
            [
              22.0141578,
              50.0793583,
              0
            ],
            [
              22.0138789,
              50.079379,
              0
            ],
            [
              22.013911,
              50.0806802,
              0
            ],
            [
              22.013439,
              50.080935,
              0
            ],
            [
              22.0140934,
              50.0813136,
              0
            ],
            [
              22.0128811,
              50.0820021,
              0
            ]
          ]
        ]
      }
    },
    {
      "type": "Feature",
      "id": "123",
      "properties": {
        "id": "123",
        "name": "123 Zaczernie A",
        "number": "123",
        "color": "#0f9d58"
      },
      "geometry": {
        "type": "Polygon",
        "coordinates": [
          [
            [
              21.9844326,
              50.0834326,
              0
            ],
            [
              21.9850819,
              50.0816459,
              0
            ],
            [
              21.9907332,
              50.0815307,
              0
            ],
            [
              21.9909128,
              50.0836666,
              0
            ],
            [
              21.9844326,
              50.0834326,
              0
            ]
          ]
        ]
      }
    },
    {
      "type": "Feature",
      "id": "123-106",
      "properties": {
        "id": "123-106",
        "name": "123-1 Zaczernie A",
        "number": "123-106",
        "color": "#01579b"
      },
      "geometry": {
        "type": "Polygon",
        "coordinates": [
          [
            [
              21.9907332,
              50.0815307,
              0
            ],
            [
              21.9850819,
              50.0816459,
              0
            ],
            [
              21.9864545,
              50.0778802,
              0
            ],
            [
              21.987345,
              50.077949,
              0
            ],
            [
              21.988611,
              50.0776805,
              0
            ],
            [
              21.9893728,
              50.0776943,
              0
            ],
            [
              21.9906388,
              50.0779903,
              0
            ],
            [
              21.9907332,
              50.0815307,
              0
            ]
          ]
        ]
      }
    },
    {
      "type": "Feature",
      "id": "123-107",
      "properties": {
        "id": "123-107",
        "name": "123-2 Zaczernie A",
        "number": "123-107",
        "color": "#ffd600"
      },
      "geometry": {
        "type": "Polygon",
        "coordinates": [
          [
            [
              22.000693,
              50.081818,
              0
            ],
            [
              21.9970506,
              50.0818008,
              0
            ],
            [
              21.9971039,
              50.0838215,
              0
            ],
            [
              21.9971579,
              50.0864271,
              0
            ],
            [
              21.9912132,
              50.086286,
              0
            ],
            [
              21.9909962,
              50.0841313,
              0
            ],
            [
              21.9909128,
              50.0836666,
              0
            ],
            [
              21.9907332,
              50.0815307,
              0
            ],
            [
              21.9906388,
              50.0779903,
              0
            ],
            [
              21.9928489,
              50.0781349,
              0
            ],
            [
              21.9938038,
              50.0779697,
              0
            ],
            [
              21.9965504,
              50.0779903,
              0
            ],
            [
              21.9998549,
              50.078252,
              0
            ],
            [
              22.0007668,
              50.0782588,
              0
            ],
            [
              22.000693,
              50.081818,
              0
            ]
          ]
        ]
      }
    },
    {
      "type": "Feature",
      "id": "124",
      "properties": {
        "id": "124",
        "name": "124 Zaczernie B",
        "number": "124",
        "color": "#ffd600"
      },
      "geometry": {
        "type": "Polygon",
        "coordinates": [
          [
            [
              21.9831344,
              50.0870399,
              0
            ],
            [
              21.9857147,
              50.0868093,
              0
            ],
            [
              21.9886785,
              50.0864995,
              0
            ],
            [
              21.9912132,
              50.086286,
              0
            ],
            [
              21.991189,
              50.0864771,
              0
            ],
            [
              21.9914401,
              50.087081,
              0
            ],
            [
              21.9843377,
              50.0906192,
              0
            ],
            [
              21.9819129,
              50.0905503,
              0
            ],
            [
              21.9831344,
              50.0870399,
              0
            ]
          ]
        ]
      }
    },
    {
      "type": "Feature",
      "id": "124-109",
      "properties": {
        "id": "124-109",
        "name": "124-1 Zaczernie B",
        "number": "124-109",
        "color": "#000000"
      },
      "geometry": {
        "type": "Polygon",
        "coordinates": [
          [
            [
              21.9909128,
              50.0836666,
              0
            ],
            [
              21.9912132,
              50.086286,
              0
            ],
            [
              21.9886785,
              50.0864995,
              0
            ],
            [
              21.9857147,
              50.0868093,
              0
            ],
            [
              21.9831344,
              50.0870399,
              0
            ],
            [
              21.9844326,
              50.0834326,
              0
            ],
            [
              21.9909128,
              50.0836666,
              0
            ]
          ]
        ]
      }
    },
    {
      "type": "Feature",
      "id": "125",
      "properties": {
        "id": "125",
        "name": "125 Zaczernie C",
        "number": "125",
        "color": "#1a237e"
      },
      "geometry": {
        "type": "Polygon",
        "coordinates": [
          [
            [
              22.0130282,
              50.0829358,
              0
            ],
            [
              22.0132578,
              50.0899484,
              0
            ],
            [
              22.0083225,
              50.0892463,
              0
            ],
            [
              22.0065416,
              50.0893013,
              0
            ],
            [
              22.0040096,
              50.0881862,
              0
            ],
            [
              21.9971579,
              50.0864271,
              0
            ],
            [
              21.9970506,
              50.0818008,
              0
            ],
            [
              22.012669,
              50.0818748,
              0
            ],
            [
              22.0128811,
              50.0820021,
              0
            ],
            [
              22.0130282,
              50.0829358,
              0
            ]
          ]
        ]
      }
    },
    {
      "type": "Feature",
      "id": "126",
      "properties": {
        "id": "126",
        "name": "126 Zaczernie D",
        "number": "126",
        "color": "#a52714"
      },
      "geometry": {
        "type": "Polygon",
        "coordinates": [
          [
            [
              21.9796459,
              50.0969843,
              0
            ],
            [
              21.9809601,
              50.093185,
              0
            ],
            [
              21.9818573,
              50.0934281,
              0
            ],
            [
              21.9825849,
              50.0934189,
              0
            ],
            [
              21.9833135,
              50.0932422,
              0
            ],
            [
              21.9844068,
              50.0928452,
              0
            ],
            [
              21.9849123,
              50.0927613,
              0
            ],
            [
              21.9859698,
              50.0927745,
              0
            ],
            [
              21.9866701,
              50.0925263,
              0
            ],
            [
              21.9875138,
              50.0919893,
              0
            ],
            [
              21.9882931,
              50.0916174,
              0
            ],
            [
              21.991658,
              50.0903479,
              0
            ],
            [
              21.9925386,
              50.0899948,
              0
            ],
            [
              21.9930428,
              50.0916812,
              0
            ],
            [
              21.9932682,
              50.0930027,
              0
            ],
            [
              21.9902128,
              50.093798,
              0
            ],
            [
              21.9886428,
              50.0939201,
              0
            ],
            [
              21.9875287,
              50.094104,
              0
            ],
            [
              21.9857847,
              50.0944623,
              0
            ],
            [
              21.9853481,
              50.0944962,
              0
            ],
            [
              21.985088,
              50.094608,
              0
            ],
            [
              21.9848084,
              50.0948011,
              0
            ],
            [
              21.9847893,
              50.0950044,
              0
            ],
            [
              21.9846376,
              50.09518,
              0
            ],
            [
              21.9853961,
              50.0966424,
              0
            ],
            [
              21.9858612,
              50.0972083,
              0
            ],
            [
              21.9861036,
              50.0975935,
              0
            ],
            [
              21.9861202,
              50.0977483,
              0
            ],
            [
              21.9859413,
              50.098153,
              0
            ],
            [
              21.985717,
              50.0985618,
              0
            ],
            [
              21.9855646,
              50.0986802,
              0
            ],
            [
              21.9848125,
              50.0989837,
              0
            ],
            [
              21.9846644,
              50.0991819,
              0
            ],
            [
              21.9845378,
              50.0991392,
              0
            ],
            [
              21.9840421,
              50.0992038,
              0
            ],
            [
              21.9835821,
              50.0988591,
              0
            ],
            [
              21.9820974,
              50.0980855,
              0
            ],
            [
              21.9812069,
              50.0978446,
              0
            ],
            [
              21.9806276,
              50.0977586,
              0
            ],
            [
              21.9801877,
              50.0975693,
              0
            ],
            [
              21.9796459,
              50.0969843,
              0
            ]
          ]
        ]
      }
    },
    {
      "type": "Feature",
      "id": "126-112",
      "properties": {
        "id": "126-112",
        "name": "126-1 Zaczernie D",
        "number": "126-112",
        "color": "#01579b"
      },
      "geometry": {
        "type": "Polygon",
        "coordinates": [
          [
            [
              21.9861202,
              50.0977483,
              0
            ],
            [
              21.9861036,
              50.0975935,
              0
            ],
            [
              21.9858612,
              50.0972083,
              0
            ],
            [
              21.9853961,
              50.0966424,
              0
            ],
            [
              21.9846376,
              50.09518,
              0
            ],
            [
              21.9847893,
              50.0950044,
              0
            ],
            [
              21.9848084,
              50.0948011,
              0
            ],
            [
              21.985088,
              50.094608,
              0
            ],
            [
              21.9853481,
              50.0944962,
              0
            ],
            [
              21.9857847,
              50.0944623,
              0
            ],
            [
              21.9875287,
              50.094104,
              0
            ],
            [
              21.9886428,
              50.0939201,
              0
            ],
            [
              21.9902128,
              50.093798,
              0
            ],
            [
              21.9932682,
              50.0930027,
              0
            ],
            [
              21.9942338,
              50.0969672,
              0
            ],
            [
              21.9908478,
              50.0974427,
              0
            ],
            [
              21.9859413,
              50.098153,
              0
            ],
            [
              21.9861202,
              50.0977483,
              0
            ]
          ]
        ]
      }
    },
    {
      "type": "Feature",
      "id": "127",
      "properties": {
        "id": "127",
        "name": "127 Zaczernie E",
        "number": "127",
        "color": "#000000"
      },
      "geometry": {
        "type": "Polygon",
        "coordinates": [
          [
            [
              22.0053455,
              50.0930817,
              0
            ],
            [
              22.00232,
              50.0927926,
              0
            ],
            [
              22.0010754,
              50.0929027,
              0
            ],
            [
              21.9988009,
              50.0925724,
              0
            ],
            [
              21.993236,
              50.0930096,
              0
            ],
            [
              21.9930428,
              50.0916812,
              0
            ],
            [
              21.9925386,
              50.0899948,
              0
            ],
            [
              21.993173,
              50.0894225,
              0
            ],
            [
              21.9935377,
              50.0893606,
              0
            ],
            [
              21.9940849,
              50.0893743,
              0
            ],
            [
              21.9950291,
              50.0897529,
              0
            ],
            [
              21.9957479,
              50.089691,
              0
            ],
            [
              21.9961449,
              50.0894982,
              0
            ],
            [
              21.9969066,
              50.0894569,
              0
            ],
            [
              21.9974645,
              50.0892229,
              0
            ],
            [
              21.9977971,
              50.0892573,
              0
            ],
            [
              21.9983013,
              50.089333,
              0
            ],
            [
              21.998752,
              50.0891472,
              0
            ],
            [
              21.9992991,
              50.0891128,
              0
            ],
            [
              22.0005437,
              50.0894088,
              0
            ],
            [
              22.0013591,
              50.089395,
              0
            ],
            [
              22.0021208,
              50.0888512,
              0
            ],
            [
              22.0028718,
              50.0887479,
              0
            ],
            [
              22.0039447,
              50.0881835,
              0
            ],
            [
              22.0054575,
              50.0888237,
              0
            ],
            [
              22.0053073,
              50.0890302,
              0
            ],
            [
              22.0051893,
              50.0908061,
              0
            ],
            [
              22.0053719,
              50.0919322,
              0
            ],
            [
              22.0053455,
              50.0930817,
              0
            ]
          ]
        ]
      }
    },
    {
      "type": "Feature",
      "id": "128",
      "properties": {
        "id": "128",
        "name": "128 Zaczernie F",
        "number": "128",
        "color": "#ffd600"
      },
      "geometry": {
        "type": "Polygon",
        "coordinates": [
          [
            [
              21.9932682,
              50.0930027,
              0
            ],
            [
              21.9963118,
              50.0927376,
              0
            ],
            [
              21.9988009,
              50.0925724,
              0
            ],
            [
              22.0010754,
              50.0929027,
              0
            ],
            [
              22.00232,
              50.0927926,
              0
            ],
            [
              22.0053455,
              50.0930817,
              0
            ],
            [
              22.0058927,
              50.0951328,
              0
            ],
            [
              22.006812,
              50.0971979,
              0
            ],
            [
              22.0008468,
              50.0977967,
              0
            ],
            [
              22.0017909,
              50.1003982,
              0
            ],
            [
              22.001324,
              50.1004996,
              0
            ],
            [
              22.0020402,
              50.1012618,
              0
            ],
            [
              21.9972658,
              50.1027551,
              0
            ],
            [
              21.9975555,
              50.103168,
              0
            ],
            [
              21.9950074,
              50.1038975,
              0
            ],
            [
              21.9924593,
              50.1010141,
              0
            ],
            [
              21.9920494,
              50.1010765,
              0
            ],
            [
              21.9908478,
              50.0974427,
              0
            ],
            [
              21.9942338,
              50.0969672,
              0
            ],
            [
              21.9932682,
              50.0930027,
              0
            ]
          ]
        ]
      }
    },
    {
      "type": "Feature",
      "id": "129",
      "properties": {
        "id": "129",
        "name": "129 Zaczernie G",
        "number": "129",
        "color": "#0f9d58"
      },
      "geometry": {
        "type": "Polygon",
        "coordinates": [
          [
            [
              22.0053455,
              50.0930817,
              0
            ],
            [
              22.0053719,
              50.0919322,
              0
            ],
            [
              22.0051893,
              50.0908061,
              0
            ],
            [
              22.0053073,
              50.0890302,
              0
            ],
            [
              22.0054575,
              50.0888237,
              0
            ],
            [
              22.0065416,
              50.0893013,
              0
            ],
            [
              22.0083225,
              50.0892463,
              0
            ],
            [
              22.0132218,
              50.0899499,
              0
            ],
            [
              22.0137262,
              50.0902855,
              0
            ],
            [
              22.0147105,
              50.0905458,
              0
            ],
            [
              22.0154923,
              50.0905417,
              0
            ],
            [
              22.0164197,
              50.0908598,
              0
            ],
            [
              22.0184469,
              50.0920313,
              0
            ],
            [
              22.0220425,
              50.091844,
              0
            ],
            [
              22.0248112,
              50.097322,
              0
            ],
            [
              22.0233576,
              50.0976556,
              0
            ],
            [
              22.0227059,
              50.0976089,
              0
            ],
            [
              22.0210604,
              50.0972277,
              0
            ],
            [
              22.0203062,
              50.0969848,
              0
            ],
            [
              22.0200991,
              50.097086,
              0
            ],
            [
              22.0174455,
              50.096206,
              0
            ],
            [
              22.0170516,
              50.0960375,
              0
            ],
            [
              22.0168333,
              50.095857,
              0
            ],
            [
              22.0161536,
              50.0947334,
              0
            ],
            [
              22.0159054,
              50.0946286,
              0
            ],
            [
              22.0152452,
              50.0946868,
              0
            ],
            [
              22.0142123,
              50.0947434,
              0
            ],
            [
              22.0118813,
              50.0945384,
              0
            ],
            [
              22.0104541,
              50.0943418,
              0
            ],
            [
              22.0090645,
              50.0939337,
              0
            ],
            [
              22.0072352,
              50.0933398,
              0
            ],
            [
              22.0053455,
              50.0930817,
              0
            ]
          ]
        ]
      }
    },
    {
      "type": "Feature",
      "id": "129-116",
      "properties": {
        "id": "129-116",
        "name": "129-1 Zaczernie G",
        "number": "129-116",
        "color": "#0288d1"
      },
      "geometry": {
        "type": "Polygon",
        "coordinates": [
          [
            [
              22.0058927,
              50.0951328,
              0
            ],
            [
              22.0053455,
              50.0930817,
              0
            ],
            [
              22.0072352,
              50.0933398,
              0
            ],
            [
              22.0090645,
              50.0939337,
              0
            ],
            [
              22.0103092,
              50.0943022,
              0
            ],
            [
              22.0107186,
              50.0952778,
              0
            ],
            [
              22.0113239,
              50.0963858,
              0
            ],
            [
              22.012195,
              50.0980616,
              0
            ],
            [
              22.0127631,
              50.0984918,
              0
            ],
            [
              22.0147822,
              50.0999508,
              0
            ],
            [
              22.0103533,
              50.1011758,
              0
            ],
            [
              22.0079327,
              50.099359,
              0
            ],
            [
              22.006812,
              50.0971979,
              0
            ],
            [
              22.0058927,
              50.0951328,
              0
            ]
          ]
        ]
      }
    },
    {
      "type": "Feature",
      "id": "129-117",
      "properties": {
        "id": "129-117",
        "name": "129-2 Zaczernie D",
        "number": "129-117",
        "color": "#ffd600"
      },
      "geometry": {
        "type": "Polygon",
        "coordinates": [
          [
            [
              22.0103092,
              50.0943022,
              0
            ],
            [
              22.0104541,
              50.0943418,
              0
            ],
            [
              22.0118813,
              50.0945384,
              0
            ],
            [
              22.0142123,
              50.0947434,
              0
            ],
            [
              22.0159054,
              50.0946286,
              0
            ],
            [
              22.0161536,
              50.0947334,
              0
            ],
            [
              22.0168333,
              50.095857,
              0
            ],
            [
              22.0170516,
              50.0960375,
              0
            ],
            [
              22.0200991,
              50.097086,
              0
            ],
            [
              22.0200896,
              50.0972516,
              0
            ],
            [
              22.0222091,
              50.0979401,
              0
            ],
            [
              22.0210886,
              50.0982087,
              0
            ],
            [
              22.0147822,
              50.0999508,
              0
            ],
            [
              22.012195,
              50.0980616,
              0
            ],
            [
              22.0107186,
              50.0952778,
              0
            ],
            [
              22.0103092,
              50.0943022,
              0
            ]
          ]
        ]
      }
    },
    {
      "type": "Feature",
      "id": "130",
      "properties": {
        "id": "130",
        "name": "130 Nowa Wieś A",
        "number": "130",
        "color": "#a52714"
      },
      "geometry": {
        "type": "Polygon",
        "coordinates": [
          [
            [
              22.0362579,
              50.0911775,
              0
            ],
            [
              22.0364296,
              50.0880523,
              0
            ],
            [
              22.0478151,
              50.0881028,
              0
            ],
            [
              22.0473881,
              50.0885732,
              0
            ],
            [
              22.0491048,
              50.0902253,
              0
            ],
            [
              22.0533105,
              50.0924279,
              0
            ],
            [
              22.0540868,
              50.0933002,
              0
            ],
            [
              22.0493232,
              50.0936169,
              0
            ],
            [
              22.0360945,
              50.0930662,
              0
            ],
            [
              22.0362579,
              50.0911775,
              0
            ]
          ]
        ]
      }
    },
    {
      "type": "Feature",
      "id": "131",
      "properties": {
        "id": "131",
        "name": "131 Nowa Wieś B",
        "number": "131",
        "color": "#1a237e"
      },
      "geometry": {
        "type": "Polygon",
        "coordinates": [
          [
            [
              22.0525085,
              50.0970511,
              0
            ],
            [
              22.0529533,
              50.0970305,
              0
            ],
            [
              22.0534196,
              50.0972784,
              0
            ],
            [
              22.0529284,
              50.0975401,
              0
            ],
            [
              22.0525338,
              50.0979395,
              0
            ],
            [
              22.0519054,
              50.0978023,
              0
            ],
            [
              22.0509063,
              50.0979546,
              0
            ],
            [
              22.0500319,
              50.0984846,
              0
            ],
            [
              22.0492488,
              50.0987667,
              0
            ],
            [
              22.048305,
              50.0987571,
              0
            ],
            [
              22.0465884,
              50.0987674,
              0
            ],
            [
              22.0465025,
              50.0994522,
              0
            ],
            [
              22.0443353,
              50.0993214,
              0
            ],
            [
              22.039679,
              50.0988121,
              0
            ],
            [
              22.0372221,
              50.0992182,
              0
            ],
            [
              22.03616,
              50.0991769,
              0
            ],
            [
              22.0361171,
              50.09853,
              0
            ],
            [
              22.0348832,
              50.0985678,
              0
            ],
            [
              22.0338667,
              50.0986625,
              0
            ],
            [
              22.0338104,
              50.0972774,
              0
            ],
            [
              22.0338235,
              50.0969664,
              0
            ],
            [
              22.0385978,
              50.0968769,
              0
            ],
            [
              22.0410011,
              50.0959822,
              0
            ],
            [
              22.049906,
              50.0960579,
              0
            ],
            [
              22.0501957,
              50.0964295,
              0
            ],
            [
              22.0506195,
              50.0963916,
              0
            ],
            [
              22.0514866,
              50.0969396,
              0
            ],
            [
              22.0525085,
              50.0970511,
              0
            ]
          ]
        ]
      }
    },
    {
      "type": "Feature",
      "id": "131-120",
      "properties": {
        "id": "131-120",
        "name": "131-1 Nowa Wieś B",
        "number": "131-120",
        "color": "#7cb342"
      },
      "geometry": {
        "type": "Polygon",
        "coordinates": [
          [
            [
              22.0632668,
              50.0996409,
              0
            ],
            [
              22.0552236,
              50.1005095,
              0
            ],
            [
              22.0493568,
              50.1011815,
              0
            ],
            [
              22.0495303,
              50.1000262,
              0
            ],
            [
              22.0481142,
              50.0998747,
              0
            ],
            [
              22.048305,
              50.0987571,
              0
            ],
            [
              22.0492488,
              50.0987667,
              0
            ],
            [
              22.0500319,
              50.0984846,
              0
            ],
            [
              22.0509063,
              50.0979546,
              0
            ],
            [
              22.0519054,
              50.0978023,
              0
            ],
            [
              22.0525338,
              50.0979395,
              0
            ],
            [
              22.0529284,
              50.0975401,
              0
            ],
            [
              22.0534196,
              50.0972784,
              0
            ],
            [
              22.0529533,
              50.0970305,
              0
            ],
            [
              22.0525085,
              50.0970511,
              0
            ],
            [
              22.0514866,
              50.0969396,
              0
            ],
            [
              22.0506195,
              50.0963916,
              0
            ],
            [
              22.0501957,
              50.0964295,
              0
            ],
            [
              22.049906,
              50.0960579,
              0
            ],
            [
              22.0493232,
              50.0936169,
              0
            ],
            [
              22.0540868,
              50.0933002,
              0
            ],
            [
              22.0561429,
              50.0955115,
              0
            ],
            [
              22.0623227,
              50.0982644,
              0
            ],
            [
              22.0632668,
              50.0996409,
              0
            ]
          ]
        ]
      }
    },
    {
      "type": "Feature",
      "id": "132",
      "properties": {
        "id": "132",
        "name": "132 Nowa Wieś C",
        "number": "132",
        "color": "#ffd600"
      },
      "geometry": {
        "type": "Polygon",
        "coordinates": [
          [
            [
              22.0338667,
              50.0986625,
              0
            ],
            [
              22.0348832,
              50.0985678,
              0
            ],
            [
              22.0361171,
              50.09853,
              0
            ],
            [
              22.03616,
              50.0991769,
              0
            ],
            [
              22.0372221,
              50.0992182,
              0
            ],
            [
              22.039679,
              50.0988121,
              0
            ],
            [
              22.0443353,
              50.0993214,
              0
            ],
            [
              22.0465025,
              50.0994522,
              0
            ],
            [
              22.0465884,
              50.0987674,
              0
            ],
            [
              22.048305,
              50.0987571,
              0
            ],
            [
              22.0481142,
              50.0998747,
              0
            ],
            [
              22.0495303,
              50.1000262,
              0
            ],
            [
              22.0491173,
              50.1027445,
              0
            ],
            [
              22.0491081,
              50.1028016,
              0
            ],
            [
              22.0351837,
              50.10162,
              0
            ],
            [
              22.0343361,
              50.1015512,
              0
            ],
            [
              22.0344756,
              50.1010626,
              0
            ],
            [
              22.0273945,
              50.10034,
              0
            ],
            [
              22.0269332,
              50.098936,
              0
            ],
            [
              22.0247874,
              50.0990255,
              0
            ],
            [
              22.0237682,
              50.0987502,
              0
            ],
            [
              22.0230493,
              50.0982822,
              0
            ],
            [
              22.0276091,
              50.0971535,
              0
            ],
            [
              22.0299909,
              50.0968782,
              0
            ],
            [
              22.0317504,
              50.0970985,
              0
            ],
            [
              22.0338104,
              50.0972774,
              0
            ],
            [
              22.0338667,
              50.0986625,
              0
            ]
          ]
        ]
      }
    },
    {
      "type": "Feature",
      "id": "133",
      "properties": {
        "id": "133",
        "name": "133 Rudna Mała",
        "number": "133",
        "color": "#1a237e"
      },
      "geometry": {
        "type": "Polygon",
        "coordinates": [
          [
            [
              21.9796459,
              50.0969843,
              0
            ],
            [
              21.9801877,
              50.0975693,
              0
            ],
            [
              21.9806276,
              50.0977586,
              0
            ],
            [
              21.9812069,
              50.0978446,
              0
            ],
            [
              21.9820974,
              50.0980855,
              0
            ],
            [
              21.9835821,
              50.0988591,
              0
            ],
            [
              21.9840421,
              50.0992038,
              0
            ],
            [
              21.9845378,
              50.0991392,
              0
            ],
            [
              21.9877425,
              50.1002101,
              0
            ],
            [
              21.9902522,
              50.1007346,
              0
            ],
            [
              21.9914628,
              50.1017836,
              0
            ],
            [
              21.9889953,
              50.102637,
              0
            ],
            [
              21.9919993,
              50.1062635,
              0
            ],
            [
              21.9893171,
              50.1068415,
              0
            ],
            [
              21.98509,
              50.1074608,
              0
            ],
            [
              21.9808628,
              50.1077773,
              0
            ],
            [
              21.9792106,
              50.1135431,
              0
            ],
            [
              21.9825151,
              50.1139009,
              0
            ],
            [
              21.9815922,
              50.1162425,
              0
            ],
            [
              21.9842637,
              50.1165452,
              0
            ],
            [
              21.9832338,
              50.1182926,
              0
            ],
            [
              21.9897354,
              50.1195171,
              0
            ],
            [
              21.9881476,
              50.1224338,
              0
            ],
            [
              21.9710887,
              50.1201225,
              0
            ],
            [
              21.9796459,
              50.0969843,
              0
            ]
          ]
        ]
      }
    },
    {
      "type": "Feature",
      "id": "134",
      "properties": {
        "id": "134",
        "name": "134 Tajęcina",
        "number": "134",
        "color": "#a52714"
      },
      "geometry": {
        "type": "Polygon",
        "coordinates": [
          [
            [
              22.0221643,
              50.1179419,
              0
            ],
            [
              22.023602,
              50.1216291,
              0
            ],
            [
              22.0240955,
              50.1228535,
              0
            ],
            [
              22.0182805,
              50.1234726,
              0
            ],
            [
              22.0141606,
              50.1229223,
              0
            ],
            [
              22.0134954,
              50.1247658,
              0
            ],
            [
              22.015448,
              50.1291128,
              0
            ],
            [
              22.0089678,
              50.1303783,
              0
            ],
            [
              22.0004706,
              50.1147635,
              0
            ],
            [
              22.0064787,
              50.1150387,
              0
            ],
            [
              22.0108561,
              50.1159193,
              0
            ],
            [
              22.0125298,
              50.1161945,
              0
            ],
            [
              22.0160918,
              50.1158092,
              0
            ],
            [
              22.0195679,
              50.116222,
              0
            ],
            [
              22.022572,
              50.1168824,
              0
            ],
            [
              22.0221643,
              50.1179419,
              0
            ]
          ]
        ]
      }
    },
    {
      "type": "Feature",
      "id": "135",
      "properties": {
        "id": "135",
        "name": "135 Jasionka Dwór",
        "number": "135",
        "color": "#0f9d58"
      },
      "geometry": {
        "type": "Polygon",
        "coordinates": [
          [
            [
              22.0585614,
              50.117688,
              0
            ],
            [
              22.0575636,
              50.1166423,
              0
            ],
            [
              22.0566624,
              50.1159474,
              0
            ],
            [
              22.0553964,
              50.1150668,
              0
            ],
            [
              22.0550423,
              50.1146747,
              0
            ],
            [
              22.0545059,
              50.1128033,
              0
            ],
            [
              22.0548277,
              50.1093356,
              0
            ],
            [
              22.0604282,
              50.1093906,
              0
            ],
            [
              22.0634344,
              50.1110689,
              0
            ],
            [
              22.0664599,
              50.112789,
              0
            ],
            [
              22.06337,
              50.1148117,
              0
            ],
            [
              22.0585614,
              50.117688,
              0
            ]
          ]
        ]
      }
    },
    {
      "type": "Feature",
      "id": "136",
      "properties": {
        "id": "136",
        "name": "136 Jasionka Lotnisko",
        "number": "136",
        "description": "Domy po lewej stronie drogi głównej, od ronda do mostu. Wszystkie odnogi na tym terenie.",
        "color": "#1a237e"
      },
      "geometry": {
        "type": "Polygon",
        "coordinates": [
          [
            [
              22.0585696,
              50.1176516,
              0
            ],
            [
              22.0509552,
              50.1209069,
              0
            ],
            [
              22.0508963,
              50.1221718,
              0
            ],
            [
              22.0439815,
              50.1229224,
              0
            ],
            [
              22.0408176,
              50.1186718,
              0
            ],
            [
              22.045238,
              50.116952,
              0
            ],
            [
              22.0439625,
              50.1152135,
              0
            ],
            [
              22.0503439,
              50.1134822,
              0
            ],
            [
              22.0512022,
              50.1125052,
              0
            ],
            [
              22.0545926,
              50.1130143,
              0
            ],
            [
              22.0550505,
              50.1146383,
              0
            ],
            [
              22.0554046,
              50.1150304,
              0
            ],
            [
              22.0575718,
              50.1166059,
              0
            ],
            [
              22.0585696,
              50.1176516,
              0
            ]
          ]
        ]
      }
    },
    {
      "type": "Feature",
      "id": "137",
      "properties": {
        "id": "137",
        "name": "137 Jasionka Grunt",
        "number": "137",
        "color": "#a52714"
      },
      "geometry": {
        "type": "Polygon",
        "coordinates": [
          [
            [
              22.0670002,
              50.1265183,
              0
            ],
            [
              22.0665603,
              50.1237944,
              0
            ],
            [
              22.0656913,
              50.1229483,
              0
            ],
            [
              22.0605843,
              50.1197152,
              0
            ],
            [
              22.0585614,
              50.117688,
              0
            ],
            [
              22.0672791,
              50.1123058,
              0
            ],
            [
              22.0743923,
              50.1141359,
              0
            ],
            [
              22.0884257,
              50.1138194,
              0
            ],
            [
              22.0884686,
              50.1181399,
              0
            ],
            [
              22.07583,
              50.1180986,
              0
            ],
            [
              22.0759802,
              50.1262431,
              0
            ],
            [
              22.0670002,
              50.1265183,
              0
            ]
          ]
        ]
      }
    },
    {
      "type": "Feature",
      "id": "138",
      "properties": {
        "id": "138",
        "name": "138 Jasionka Zachód",
        "number": "138",
        "color": "#000000"
      },
      "geometry": {
        "type": "Polygon",
        "coordinates": [
          [
            [
              22.0585614,
              50.117688,
              0
            ],
            [
              22.060404,
              50.1195881,
              0
            ],
            [
              22.0656913,
              50.1229483,
              0
            ],
            [
              22.0665603,
              50.1237944,
              0
            ],
            [
              22.0670002,
              50.1265183,
              0
            ],
            [
              22.0631291,
              50.1266456,
              0
            ],
            [
              22.0626785,
              50.1240043,
              0
            ],
            [
              22.0591648,
              50.124049,
              0
            ],
            [
              22.0585639,
              50.1202037,
              0
            ],
            [
              22.0569761,
              50.1183532,
              0
            ],
            [
              22.0585614,
              50.117688,
              0
            ]
          ]
        ]
      }
    },
    {
      "type": "Feature",
      "id": "139",
      "properties": {
        "id": "139",
        "name": "139 Jasionka Gęsiówka",
        "number": "139",
        "color": "#ffd600"
      },
      "geometry": {
        "type": "Polygon",
        "coordinates": [
          [
            [
              22.0569761,
              50.1183532,
              0
            ],
            [
              22.0585639,
              50.1202037,
              0
            ],
            [
              22.0591648,
              50.124049,
              0
            ],
            [
              22.0556604,
              50.1265361,
              0
            ],
            [
              22.0567548,
              50.1312268,
              0
            ],
            [
              22.0619046,
              50.134693,
              0
            ],
            [
              22.0560681,
              50.1369073,
              0
            ],
            [
              22.0493089,
              50.1311306,
              0
            ],
            [
              22.0439733,
              50.1229588,
              0
            ],
            [
              22.050947,
              50.1209433,
              0
            ],
            [
              22.0569761,
              50.1183532,
              0
            ]
          ]
        ]
      }
    },
    {
      "type": "Feature",
      "id": "140",
      "properties": {
        "id": "140",
        "name": "140 Stobierna Wschód",
        "number": "140",
        "color": "#1a237e"
      },
      "geometry": {
        "type": "Polygon",
        "coordinates": [
          [
            [
              22.0670002,
              50.1265183,
              0
            ],
            [
              22.0810408,
              50.1260781,
              0
            ],
            [
              22.079249,
              50.1386636,
              0
            ],
            [
              22.0782834,
              50.144797,
              0
            ],
            [
              22.0777255,
              50.1496647,
              0
            ],
            [
              22.0781976,
              50.1519333,
              0
            ],
            [
              22.0796567,
              50.1545731,
              0
            ],
            [
              22.086069,
              50.1646594,
              0
            ],
            [
              22.0864338,
              50.1656216,
              0
            ],
            [
              22.087903,
              50.1704618,
              0
            ],
            [
              22.0873982,
              50.1705054,
              0
            ],
            [
              22.0838266,
              50.1644532,
              0
            ],
            [
              22.0804685,
              50.1587554,
              0
            ],
            [
              22.0777112,
              50.1539024,
              0
            ],
            [
              22.077164,
              50.1515995,
              0
            ],
            [
              22.0756405,
              50.150307,
              0
            ],
            [
              22.075147,
              50.1494477,
              0
            ],
            [
              22.0695036,
              50.1395193,
              0
            ],
            [
              22.0686668,
              50.1354208,
              0
            ],
            [
              22.0670002,
              50.1265183,
              0
            ]
          ]
        ]
      }
    },
    {
      "type": "Feature",
      "id": "141",
      "properties": {
        "id": "141",
        "name": "141 Stobierna Dół",
        "number": "141",
        "color": "#0f9d58"
      },
      "geometry": {
        "type": "Polygon",
        "coordinates": [
          [
            [
              22.0670002,
              50.1265183,
              0
            ],
            [
              22.0693801,
              50.1389351,
              0
            ],
            [
              22.0676635,
              50.1388939,
              0
            ],
            [
              22.0673791,
              50.1390142,
              0
            ],
            [
              22.0671217,
              50.1383626,
              0
            ],
            [
              22.0677225,
              50.1373432,
              0
            ],
            [
              22.0668588,
              50.1347403,
              0
            ],
            [
              22.0660863,
              50.1326772,
              0
            ],
            [
              22.063447,
              50.1314255,
              0
            ],
            [
              22.0631291,
              50.1266456,
              0
            ],
            [
              22.0670002,
              50.1265183,
              0
            ]
          ]
        ]
      }
    },
    {
      "type": "Feature",
      "id": "142",
      "properties": {
        "id": "142",
        "name": "142 Stobierna Zagrody",
        "number": "142",
        "color": "#a52714"
      },
      "geometry": {
        "type": "Polygon",
        "coordinates": [
          [
            [
              22.0701476,
              50.1632716,
              0
            ],
            [
              22.0638275,
              50.1538056,
              0
            ],
            [
              22.0659518,
              50.1534894,
              0
            ],
            [
              22.064913,
              50.1508094,
              0
            ],
            [
              22.0622952,
              50.1462994,
              0
            ],
            [
              22.0604927,
              50.1434529,
              0
            ],
            [
              22.0599563,
              50.1400562,
              0
            ],
            [
              22.057317,
              50.1402349,
              0
            ],
            [
              22.0560681,
              50.1369073,
              0
            ],
            [
              22.0619046,
              50.134693,
              0
            ],
            [
              22.0660863,
              50.1326772,
              0
            ],
            [
              22.0677225,
              50.1373432,
              0
            ],
            [
              22.0671217,
              50.1383626,
              0
            ],
            [
              22.0673791,
              50.1390142,
              0
            ],
            [
              22.0676088,
              50.139392,
              0
            ],
            [
              22.0661818,
              50.1400177,
              0
            ],
            [
              22.0673068,
              50.1405386,
              0
            ],
            [
              22.0667704,
              50.1422026,
              0
            ],
            [
              22.0667919,
              50.1432271,
              0
            ],
            [
              22.0653435,
              50.1438459,
              0
            ],
            [
              22.0674141,
              50.1448635,
              0
            ],
            [
              22.0674463,
              50.1456198,
              0
            ],
            [
              22.0680257,
              50.145613,
              0
            ],
            [
              22.0680149,
              50.1465962,
              0
            ],
            [
              22.0688518,
              50.1468918,
              0
            ],
            [
              22.0689162,
              50.1482943,
              0
            ],
            [
              22.0681544,
              50.1485074,
              0
            ],
            [
              22.068133,
              50.1496762,
              0
            ],
            [
              22.0691737,
              50.1496349,
              0
            ],
            [
              22.0691949,
              50.1501343,
              0
            ],
            [
              22.069506,
              50.1516536,
              0
            ],
            [
              22.071641,
              50.1545202,
              0
            ],
            [
              22.0730358,
              50.1542315,
              0
            ],
            [
              22.0748273,
              50.1570645,
              0
            ],
            [
              22.0758948,
              50.1583293,
              0
            ],
            [
              22.0768148,
              50.1604755,
              0
            ],
            [
              22.0763212,
              50.1604979,
              0
            ],
            [
              22.0757517,
              50.1606477,
              0
            ],
            [
              22.0760661,
              50.1619005,
              0
            ],
            [
              22.0758676,
              50.1622098,
              0
            ],
            [
              22.0747625,
              50.1622957,
              0
            ],
            [
              22.0701476,
              50.1632716,
              0
            ]
          ]
        ]
      }
    },
    {
      "type": "Feature",
      "id": "143",
      "properties": {
        "id": "143",
        "name": "143 Stobierna Zachód A",
        "number": "143",
        "color": "#ffd600"
      },
      "geometry": {
        "type": "Polygon",
        "coordinates": [
          [
            [
              22.0691102,
              50.1499975,
              0
            ],
            [
              22.0690771,
              50.149593,
              0
            ],
            [
              22.0680364,
              50.1496343,
              0
            ],
            [
              22.0680578,
              50.1484655,
              0
            ],
            [
              22.0688196,
              50.1482524,
              0
            ],
            [
              22.0687561,
              50.1468075,
              0
            ],
            [
              22.0679183,
              50.1465543,
              0
            ],
            [
              22.0679291,
              50.1455711,
              0
            ],
            [
              22.0673497,
              50.1455779,
              0
            ],
            [
              22.0673175,
              50.1448216,
              0
            ],
            [
              22.0652469,
              50.143804,
              0
            ],
            [
              22.0666953,
              50.1431852,
              0
            ],
            [
              22.0666738,
              50.1421607,
              0
            ],
            [
              22.0672102,
              50.1404967,
              0
            ],
            [
              22.0660852,
              50.1399758,
              0
            ],
            [
              22.0675122,
              50.1393501,
              0
            ],
            [
              22.0672825,
              50.1389723,
              0
            ],
            [
              22.0675669,
              50.138852,
              0
            ],
            [
              22.0692835,
              50.1388932,
              0
            ],
            [
              22.069407,
              50.1394774,
              0
            ],
            [
              22.0747536,
              50.1488494,
              0
            ],
            [
              22.0700651,
              50.1494406,
              0
            ],
            [
              22.0691102,
              50.1499975,
              0
            ]
          ]
        ]
      }
    },
    {
      "type": "Feature",
      "id": "144",
      "properties": {
        "id": "144",
        "name": "144 Stobierna Zachód B",
        "number": "144",
        "color": "#000000"
      },
      "geometry": {
        "type": "Polygon",
        "coordinates": [
          [
            [
              22.0692068,
              50.1500394,
              0
            ],
            [
              22.0701617,
              50.1494825,
              0
            ],
            [
              22.0748502,
              50.1488913,
              0
            ],
            [
              22.0756405,
              50.150307,
              0
            ],
            [
              22.077164,
              50.1515995,
              0
            ],
            [
              22.0777112,
              50.1539024,
              0
            ],
            [
              22.0813799,
              50.1602604,
              0
            ],
            [
              22.0782256,
              50.1604391,
              0
            ],
            [
              22.0768148,
              50.1604755,
              0
            ],
            [
              22.0758948,
              50.1583293,
              0
            ],
            [
              22.0745242,
              50.1565968,
              0
            ],
            [
              22.0730358,
              50.1542315,
              0
            ],
            [
              22.071641,
              50.1545202,
              0
            ],
            [
              22.069506,
              50.1516536,
              0
            ],
            [
              22.0692068,
              50.1500394,
              0
            ]
          ]
        ]
      }
    },
    {
      "type": "Feature",
      "id": "145",
      "properties": {
        "id": "145",
        "name": "145 Stobierna Krzywe",
        "number": "145",
        "color": "#ffd600"
      },
      "geometry": {
        "type": "Polygon",
        "coordinates": [
          [
            [
              22.070198,
              50.1632904,
              0
            ],
            [
              22.0748129,
              50.1623145,
              0
            ],
            [
              22.0759181,
              50.1622286,
              0
            ],
            [
              22.0761166,
              50.1619193,
              0
            ],
            [
              22.0758022,
              50.1606665,
              0
            ],
            [
              22.0763717,
              50.1605167,
              0
            ],
            [
              22.0768653,
              50.1604943,
              0
            ],
            [
              22.078276,
              50.1604579,
              0
            ],
            [
              22.0814303,
              50.1602792,
              0
            ],
            [
              22.0847139,
              50.1659015,
              0
            ],
            [
              22.0874487,
              50.1705242,
              0
            ],
            [
              22.0839296,
              50.1710189,
              0
            ],
            [
              22.0805608,
              50.1697133,
              0
            ],
            [
              22.07687,
              50.1694384,
              0
            ],
            [
              22.0674576,
              50.1744178,
              0
            ],
            [
              22.0686379,
              50.1751736,
              0
            ],
            [
              22.0485963,
              50.1861113,
              0
            ],
            [
              22.0462789,
              50.1843664,
              0
            ],
            [
              22.0645405,
              50.1728739,
              0
            ],
            [
              22.0673515,
              50.1743169,
              0
            ],
            [
              22.0766964,
              50.1693624,
              0
            ],
            [
              22.0726087,
              50.1683316,
              0
            ],
            [
              22.0546165,
              50.1716508,
              0
            ],
            [
              22.0493807,
              50.1757186,
              0
            ],
            [
              22.0463766,
              50.1746192,
              0
            ],
            [
              22.051784,
              50.1702489,
              0
            ],
            [
              22.0546165,
              50.1714034,
              0
            ],
            [
              22.0724693,
              50.1681323,
              0
            ],
            [
              22.070198,
              50.1632904,
              0
            ]
          ]
        ]
      }
    },
    {
      "type": "Feature",
      "id": "146",
      "properties": {
        "id": "146",
        "name": "146 Wysoka Głogowska A",
        "number": "146",
        "description": "Od początku wioski do przystanku . Odnoga w prawo kolo przystanku - tylko prawa strona. Za mostkiem tylko odnoga w lewo.",
        "color": "#0f9d58"
      },
      "geometry": {
        "type": "Polygon",
        "coordinates": [
          [
            [
              22.0190755,
              50.1386282,
              0
            ],
            [
              22.0188286,
              50.1383833,
              0
            ],
            [
              22.0175949,
              50.1387821,
              0
            ],
            [
              22.0161465,
              50.1381494,
              0
            ],
            [
              22.0123163,
              50.1381907,
              0
            ],
            [
              22.0123592,
              50.1353411,
              0
            ],
            [
              22.0155349,
              50.1352311,
              0
            ],
            [
              22.0158783,
              50.1286012,
              0
            ],
            [
              22.025384,
              50.1259463,
              0
            ],
            [
              22.0305124,
              50.12574,
              0
            ],
            [
              22.0300403,
              50.1387932,
              0
            ],
            [
              22.0249978,
              50.1382431,
              0
            ],
            [
              22.0223799,
              50.1381564,
              0
            ],
            [
              22.0199123,
              50.1383119,
              0
            ],
            [
              22.0190755,
              50.1386282,
              0
            ]
          ]
        ]
      }
    },
    {
      "type": "Feature",
      "id": "147",
      "properties": {
        "id": "147",
        "name": "147 Wysoka Głogowska B",
        "number": "147",
        "description": "Od przystanku do skrzyżowania przy Pizzerii. Odnoga w lewo za pizzeria należy do tego terenu.",
        "color": "#1a237e"
      },
      "geometry": {
        "type": "Polygon",
        "coordinates": [
          [
            [
              22.0279949,
              50.1385741,
              0
            ],
            [
              22.0277374,
              50.140307,
              0
            ],
            [
              22.0243042,
              50.1399769,
              0
            ],
            [
              22.023918,
              50.1474165,
              0
            ],
            [
              22.0197981,
              50.1471552,
              0
            ],
            [
              22.0173305,
              50.1468114,
              0
            ],
            [
              22.0170944,
              50.1470659,
              0
            ],
            [
              22.0160913,
              50.1469885,
              0
            ],
            [
              22.015984,
              50.1477705,
              0
            ],
            [
              22.0159625,
              50.1480352,
              0
            ],
            [
              22.0132696,
              50.1480713,
              0
            ],
            [
              22.0131335,
              50.138199,
              0
            ],
            [
              22.0161599,
              50.1381632,
              0
            ],
            [
              22.0176083,
              50.1387959,
              0
            ],
            [
              22.018842,
              50.1383971,
              0
            ],
            [
              22.0190889,
              50.138642,
              0
            ],
            [
              22.0199257,
              50.1383257,
              0
            ],
            [
              22.0223933,
              50.1381702,
              0
            ],
            [
              22.0254073,
              50.1382815,
              0
            ],
            [
              22.0279949,
              50.1385741,
              0
            ]
          ]
        ]
      }
    },
    {
      "type": "Feature",
      "id": "148",
      "properties": {
        "id": "148",
        "name": "148 Wysoka Głogowska C",
        "number": "148",
        "description": "Od pizzeri (odnoga w lewo za pizzeria nie należy do tego terenu). Prawa strona do kościoła. Lewa strona do stadionu.",
        "color": "#ffd600"
      },
      "geometry": {
        "type": "Polygon",
        "coordinates": [
          [
            [
              22.0239153,
              50.1474217,
              0
            ],
            [
              22.0242017,
              50.1517872,
              0
            ],
            [
              22.0310896,
              50.1552518,
              0
            ],
            [
              22.0310467,
              50.1576302,
              0
            ],
            [
              22.0220559,
              50.1577952,
              0
            ],
            [
              22.021262,
              50.1586475,
              0
            ],
            [
              22.0185315,
              50.1594895,
              0
            ],
            [
              22.014992,
              50.1606524,
              0
            ],
            [
              22.0134256,
              50.1600338,
              0
            ],
            [
              22.0135543,
              50.1480726,
              0
            ],
            [
              22.0159598,
              50.1480404,
              0
            ],
            [
              22.0160886,
              50.1469937,
              0
            ],
            [
              22.0170917,
              50.1470711,
              0
            ],
            [
              22.0173278,
              50.1468166,
              0
            ],
            [
              22.0197954,
              50.1471604,
              0
            ],
            [
              22.0239153,
              50.1474217,
              0
            ]
          ]
        ]
      }
    },
    {
      "type": "Feature",
      "id": "149",
      "properties": {
        "id": "149",
        "name": "149 Wysoka Głogowska D",
        "number": "149",
        "color": "#a52714"
      },
      "geometry": {
        "type": "Polygon",
        "coordinates": [
          [
            [
              22.0197398,
              50.1695342,
              0
            ],
            [
              22.0195508,
              50.1697198,
              0
            ],
            [
              22.0152337,
              50.1691631,
              0
            ],
            [
              22.0150162,
              50.1606816,
              0
            ],
            [
              22.0212862,
              50.1586767,
              0
            ],
            [
              22.0220801,
              50.1578244,
              0
            ],
            [
              22.0281083,
              50.1576716,
              0
            ],
            [
              22.0272285,
              50.1701801,
              0
            ],
            [
              22.0214564,
              50.1696166,
              0
            ],
            [
              22.0205766,
              50.1693143,
              0
            ],
            [
              22.0200402,
              50.1696304,
              0
            ],
            [
              22.0197398,
              50.1695342,
              0
            ]
          ]
        ]
      }
    },
    {
      "type": "Feature",
      "id": "150",
      "properties": {
        "id": "150",
        "name": "150 Wysoka Głogowska E",
        "number": "150",
        "color": "#0f9d58"
      },
      "geometry": {
        "type": "Polygon",
        "coordinates": [
          [
            [
              22.0152337,
              50.1691631,
              0
            ],
            [
              22.0195508,
              50.1697198,
              0
            ],
            [
              22.0197398,
              50.1695342,
              0
            ],
            [
              22.0200402,
              50.1696304,
              0
            ],
            [
              22.0205766,
              50.1693143,
              0
            ],
            [
              22.0214564,
              50.1696166,
              0
            ],
            [
              22.023443,
              50.1698081,
              0
            ],
            [
              22.0172363,
              50.178754,
              0
            ],
            [
              22.022531,
              50.1809389,
              0
            ],
            [
              22.022059,
              50.1836394,
              0
            ],
            [
              22.0114803,
              50.1834608,
              0
            ],
            [
              22.0126176,
              50.1720002,
              0
            ],
            [
              22.0152337,
              50.1691631,
              0
            ]
          ]
        ]
      }
    },
    {
      "type": "Feature",
      "id": "151",
      "properties": {
        "id": "151",
        "name": "151 Głogów Małopolski A",
        "number": "151",
        "color": "#ffd600"
      },
      "geometry": {
        "type": "Polygon",
        "coordinates": [
          [
            [
              21.9664949,
              50.1323725,
              0
            ],
            [
              21.9702285,
              50.1339628,
              0
            ],
            [
              21.9700031,
              50.1348499,
              0
            ],
            [
              21.9704323,
              50.1354688,
              0
            ],
            [
              21.9716125,
              50.135517,
              0
            ],
            [
              21.9719129,
              50.1377794,
              0
            ],
            [
              21.9803405,
              50.1397754,
              0
            ],
            [
              21.9807106,
              50.1410819,
              0
            ],
            [
              21.9776153,
              50.1407931,
              0
            ],
            [
              21.9761375,
              50.140659,
              0
            ],
            [
              21.972664,
              50.1402808,
              0
            ],
            [
              21.9716072,
              50.1401123,
              0
            ],
            [
              21.9713336,
              50.1402533,
              0
            ],
            [
              21.9689411,
              50.1393043,
              0
            ],
            [
              21.964671,
              50.1387611,
              0
            ],
            [
              21.9657868,
              50.1342224,
              0
            ],
            [
              21.9664949,
              50.1323725,
              0
            ]
          ]
        ]
      }
    },
    {
      "type": "Feature",
      "id": "152",
      "properties": {
        "id": "152",
        "name": "152 Głogów Małopolski B",
        "number": "152",
        "color": "#1a237e"
      },
      "geometry": {
        "type": "Polygon",
        "coordinates": [
          [
            [
              21.964671,
              50.1387611,
              0
            ],
            [
              21.9689411,
              50.1393043,
              0
            ],
            [
              21.9713336,
              50.1402533,
              0
            ],
            [
              21.9716072,
              50.1401123,
              0
            ],
            [
              21.9726264,
              50.1404321,
              0
            ],
            [
              21.9717403,
              50.1439259,
              0
            ],
            [
              21.9712253,
              50.1444484,
              0
            ],
            [
              21.9687899,
              50.1434721,
              0
            ],
            [
              21.9670679,
              50.1453491,
              0
            ],
            [
              21.9674327,
              50.1455417,
              0
            ],
            [
              21.9671323,
              50.1459267,
              0
            ],
            [
              21.9668533,
              50.1466348,
              0
            ],
            [
              21.9652119,
              50.1464079,
              0
            ],
            [
              21.9659092,
              50.1449023,
              0
            ],
            [
              21.9632827,
              50.1443665,
              0
            ],
            [
              21.964671,
              50.1387611,
              0
            ]
          ]
        ]
      }
    },
    {
      "type": "Feature",
      "id": "153",
      "properties": {
        "id": "153",
        "name": "153 Głogów Małopolski C",
        "number": "153",
        "color": "#a52714"
      },
      "geometry": {
        "type": "Polygon",
        "coordinates": [
          [
            [
              21.972664,
              50.1402808,
              0
            ],
            [
              21.9761375,
              50.140659,
              0
            ],
            [
              21.9776153,
              50.1407931,
              0
            ],
            [
              21.9807106,
              50.1410819,
              0
            ],
            [
              21.9794173,
              50.1449805,
              0
            ],
            [
              21.9780226,
              50.1447948,
              0
            ],
            [
              21.9772394,
              50.1459018,
              0
            ],
            [
              21.9780118,
              50.1462318,
              0
            ],
            [
              21.9769819,
              50.1473937,
              0
            ],
            [
              21.9750507,
              50.1468196,
              0
            ],
            [
              21.9751023,
              50.1463731,
              0
            ],
            [
              21.9746838,
              50.1457886,
              0
            ],
            [
              21.9712253,
              50.1444484,
              0
            ],
            [
              21.9717403,
              50.1439259,
              0
            ],
            [
              21.972664,
              50.1402808,
              0
            ]
          ]
        ]
      }
    },
    {
      "type": "Feature",
      "id": "154",
      "properties": {
        "id": "154",
        "name": "154 Głogów Małopolski D",
        "number": "154",
        "color": "#0f9d58"
      },
      "geometry": {
        "type": "Polygon",
        "coordinates": [
          [
            [
              21.9674327,
              50.1455417,
              0
            ],
            [
              21.9670679,
              50.1453491,
              0
            ],
            [
              21.9687899,
              50.1434721,
              0
            ],
            [
              21.9712253,
              50.1444484,
              0
            ],
            [
              21.9746838,
              50.1457886,
              0
            ],
            [
              21.9751023,
              50.1463731,
              0
            ],
            [
              21.9750507,
              50.1468196,
              0
            ],
            [
              21.9751686,
              50.1475167,
              0
            ],
            [
              21.9750828,
              50.1477505,
              0
            ],
            [
              21.9723362,
              50.1469942,
              0
            ],
            [
              21.9724113,
              50.146733,
              0
            ],
            [
              21.968903,
              50.1465679,
              0
            ],
            [
              21.9671323,
              50.1459267,
              0
            ],
            [
              21.9674327,
              50.1455417,
              0
            ]
          ]
        ]
      }
    },
    {
      "type": "Feature",
      "id": "155",
      "properties": {
        "id": "155",
        "name": "155 Głogów Małopolski E",
        "number": "155",
        "color": "#a52714"
      },
      "geometry": {
        "type": "Polygon",
        "coordinates": [
          [
            [
              21.9632827,
              50.1443665,
              0
            ],
            [
              21.9659092,
              50.1449023,
              0
            ],
            [
              21.9652119,
              50.1464079,
              0
            ],
            [
              21.9668533,
              50.1466348,
              0
            ],
            [
              21.9664618,
              50.1482559,
              0
            ],
            [
              21.9662151,
              50.1482284,
              0
            ],
            [
              21.9655177,
              50.1487509,
              0
            ],
            [
              21.9642088,
              50.1486684,
              0
            ],
            [
              21.9623741,
              50.1483178,
              0
            ],
            [
              21.9626853,
              50.1499265,
              0
            ],
            [
              21.9625994,
              50.1506277,
              0
            ],
            [
              21.9627711,
              50.151164,
              0
            ],
            [
              21.9602176,
              50.1510952,
              0
            ],
            [
              21.9586298,
              50.1507377,
              0
            ],
            [
              21.9569453,
              50.1499609,
              0
            ],
            [
              21.9591199,
              50.1485467,
              0
            ],
            [
              21.9632827,
              50.1443665,
              0
            ]
          ]
        ]
      }
    },
    {
      "type": "Feature",
      "id": "156",
      "properties": {
        "id": "156",
        "name": "156 Głogów Małopolski F",
        "number": "156",
        "color": "#ffd600"
      },
      "geometry": {
        "type": "Polygon",
        "coordinates": [
          [
            [
              21.9664618,
              50.1482559,
              0
            ],
            [
              21.9668533,
              50.1466348,
              0
            ],
            [
              21.9671323,
              50.1459267,
              0
            ],
            [
              21.968903,
              50.1465679,
              0
            ],
            [
              21.9724113,
              50.146733,
              0
            ],
            [
              21.9723362,
              50.1469942,
              0
            ],
            [
              21.9750828,
              50.1477505,
              0
            ],
            [
              21.9747293,
              50.1491529,
              0
            ],
            [
              21.9748152,
              50.1492836,
              0
            ],
            [
              21.9753998,
              50.1496891,
              0
            ],
            [
              21.9773659,
              50.149806,
              0
            ],
            [
              21.9772506,
              50.1510916,
              0
            ],
            [
              21.9764352,
              50.1530509,
              0
            ],
            [
              21.9754967,
              50.1551743,
              0
            ],
            [
              21.9713125,
              50.1543632,
              0
            ],
            [
              21.9698426,
              50.1528508,
              0
            ],
            [
              21.9688448,
              50.1518197,
              0
            ],
            [
              21.9675145,
              50.1515928,
              0
            ],
            [
              21.9676325,
              50.1504654,
              0
            ],
            [
              21.9672355,
              50.1495579,
              0
            ],
            [
              21.9676539,
              50.148372,
              0
            ],
            [
              21.9664618,
              50.1482559,
              0
            ]
          ]
        ]
      }
    },
    {
      "type": "Feature",
      "id": "157",
      "properties": {
        "id": "157",
        "name": "157 Głogów Małopolski G",
        "number": "157",
        "color": "#000000"
      },
      "geometry": {
        "type": "Polygon",
        "coordinates": [
          [
            [
              21.9750507,
              50.1468196,
              0
            ],
            [
              21.9769819,
              50.1473937,
              0
            ],
            [
              21.9780118,
              50.1462318,
              0
            ],
            [
              21.9841863,
              50.1461458,
              0
            ],
            [
              21.9904949,
              50.1432581,
              0
            ],
            [
              21.9925333,
              50.1448808,
              0
            ],
            [
              21.9954731,
              50.1436294,
              0
            ],
            [
              21.9978978,
              50.1468059,
              0
            ],
            [
              21.9924475,
              50.1487309,
              0
            ],
            [
              21.9938852,
              50.1505321,
              0
            ],
            [
              21.9886924,
              50.1522783,
              0
            ],
            [
              21.9868471,
              50.1499546,
              0
            ],
            [
              21.9772506,
              50.1510916,
              0
            ],
            [
              21.9773659,
              50.149806,
              0
            ],
            [
              21.9753998,
              50.1496891,
              0
            ],
            [
              21.9748152,
              50.1492836,
              0
            ],
            [
              21.9747293,
              50.1491529,
              0
            ],
            [
              21.9751686,
              50.1475167,
              0
            ],
            [
              21.9750507,
              50.1468196,
              0
            ]
          ]
        ]
      }
    },
    {
      "type": "Feature",
      "id": "158",
      "properties": {
        "id": "158",
        "name": "158 Głogów Małopolski H",
        "number": "158",
        "color": "#000000"
      },
      "geometry": {
        "type": "Polygon",
        "coordinates": [
          [
            [
              21.9627711,
              50.151164,
              0
            ],
            [
              21.9625994,
              50.1506277,
              0
            ],
            [
              21.9626853,
              50.1499265,
              0
            ],
            [
              21.9623741,
              50.1483178,
              0
            ],
            [
              21.9642088,
              50.1486684,
              0
            ],
            [
              21.9655177,
              50.1487509,
              0
            ],
            [
              21.9662151,
              50.1482284,
              0
            ],
            [
              21.9664618,
              50.1482559,
              0
            ],
            [
              21.9676539,
              50.148372,
              0
            ],
            [
              21.9672355,
              50.1495579,
              0
            ],
            [
              21.9676325,
              50.1504654,
              0
            ],
            [
              21.9675145,
              50.1515928,
              0
            ],
            [
              21.9676845,
              50.1516216,
              0
            ],
            [
              21.9668799,
              50.152261,
              0
            ],
            [
              21.9645571,
              50.1521063,
              0
            ],
            [
              21.9645356,
              50.1521888,
              0
            ],
            [
              21.9636022,
              50.1520891,
              0
            ],
            [
              21.9636076,
              50.1513535,
              0
            ],
            [
              21.9627711,
              50.151164,
              0
            ]
          ]
        ]
      }
    },
    {
      "type": "Feature",
      "id": "159",
      "properties": {
        "id": "159",
        "name": "159 Głogów Małopolski I",
        "number": "159",
        "color": "#ffd600"
      },
      "geometry": {
        "type": "Polygon",
        "coordinates": [
          [
            [
              21.9569453,
              50.1499609,
              0
            ],
            [
              21.9586298,
              50.1507377,
              0
            ],
            [
              21.9602176,
              50.1510952,
              0
            ],
            [
              21.9627711,
              50.151164,
              0
            ],
            [
              21.9629299,
              50.1511902,
              0
            ],
            [
              21.9625651,
              50.1519499,
              0
            ],
            [
              21.962651,
              50.1537063,
              0
            ],
            [
              21.962828,
              50.1548096,
              0
            ],
            [
              21.9605128,
              50.1582969,
              0
            ],
            [
              21.9586138,
              50.1577916,
              0
            ],
            [
              21.9584394,
              50.1580322,
              0
            ],
            [
              21.9577206,
              50.1577607,
              0
            ],
            [
              21.9572003,
              50.1570424,
              0
            ],
            [
              21.9566585,
              50.156843,
              0
            ],
            [
              21.953134,
              50.1556435,
              0
            ],
            [
              21.9555373,
              50.1534507,
              0
            ],
            [
              21.9529409,
              50.1520758,
              0
            ],
            [
              21.9548713,
              50.1513241,
              0
            ],
            [
              21.9569453,
              50.1499609,
              0
            ]
          ]
        ]
      }
    },
    {
      "type": "Feature",
      "id": "160",
      "properties": {
        "id": "160",
        "name": "160 Głogów Małopolski J",
        "number": "160",
        "color": "#1a237e"
      },
      "geometry": {
        "type": "Polygon",
        "coordinates": [
          [
            [
              21.9645356,
              50.1521888,
              0
            ],
            [
              21.9645571,
              50.1521063,
              0
            ],
            [
              21.9668799,
              50.152261,
              0
            ],
            [
              21.9676845,
              50.1516216,
              0
            ],
            [
              21.9688448,
              50.1518197,
              0
            ],
            [
              21.9712529,
              50.1542777,
              0
            ],
            [
              21.9710651,
              50.1544427,
              0
            ],
            [
              21.9669399,
              50.153635,
              0
            ],
            [
              21.9666448,
              50.1541265,
              0
            ],
            [
              21.9646385,
              50.1537656,
              0
            ],
            [
              21.9648415,
              50.153287,
              0
            ],
            [
              21.9642514,
              50.1531564,
              0
            ],
            [
              21.9644338,
              50.152713,
              0
            ],
            [
              21.9645356,
              50.1521888,
              0
            ]
          ]
        ]
      }
    },
    {
      "type": "Feature",
      "id": "161",
      "properties": {
        "id": "161",
        "name": "161 Głogów Małopolski K",
        "number": "161",
        "color": "#0f9d58"
      },
      "geometry": {
        "type": "Polygon",
        "coordinates": [
          [
            [
              21.9666448,
              50.1541265,
              0
            ],
            [
              21.9664741,
              50.1553683,
              0
            ],
            [
              21.9655401,
              50.156935,
              0
            ],
            [
              21.9651754,
              50.1570931,
              0
            ],
            [
              21.9644243,
              50.1581861,
              0
            ],
            [
              21.9628257,
              50.1568663,
              0
            ],
            [
              21.9616885,
              50.156502,
              0
            ],
            [
              21.962828,
              50.1548096,
              0
            ],
            [
              21.9625651,
              50.1519499,
              0
            ],
            [
              21.9629299,
              50.1511902,
              0
            ],
            [
              21.9636076,
              50.1513535,
              0
            ],
            [
              21.9636022,
              50.1520891,
              0
            ],
            [
              21.9645356,
              50.1521888,
              0
            ],
            [
              21.9644338,
              50.152713,
              0
            ],
            [
              21.9642514,
              50.1531564,
              0
            ],
            [
              21.9648415,
              50.153287,
              0
            ],
            [
              21.9646385,
              50.1537656,
              0
            ],
            [
              21.9666448,
              50.1541265,
              0
            ]
          ]
        ]
      }
    },
    {
      "type": "Feature",
      "id": "162",
      "properties": {
        "id": "162",
        "name": "162 Głogów Małopolski L",
        "number": "162",
        "color": "#a52714"
      },
      "geometry": {
        "type": "Polygon",
        "coordinates": [
          [
            [
              21.9644243,
              50.1581861,
              0
            ],
            [
              21.9651754,
              50.1570931,
              0
            ],
            [
              21.9655401,
              50.156935,
              0
            ],
            [
              21.9664741,
              50.1553683,
              0
            ],
            [
              21.9666448,
              50.1541265,
              0
            ],
            [
              21.9669399,
              50.153635,
              0
            ],
            [
              21.9710651,
              50.1544427,
              0
            ],
            [
              21.9712371,
              50.1542998,
              0
            ],
            [
              21.9713125,
              50.1543632,
              0
            ],
            [
              21.9745031,
              50.1558232,
              0
            ],
            [
              21.9751039,
              50.1565174,
              0
            ],
            [
              21.9753184,
              50.1573285,
              0
            ],
            [
              21.9729903,
              50.1569367,
              0
            ],
            [
              21.9704636,
              50.1561806,
              0
            ],
            [
              21.9691976,
              50.155995,
              0
            ],
            [
              21.9682428,
              50.1576585,
              0
            ],
            [
              21.9689616,
              50.1578509,
              0
            ],
            [
              21.9682642,
              50.1588751,
              0
            ],
            [
              21.9675669,
              50.1586758,
              0
            ],
            [
              21.9648632,
              50.1585177,
              0
            ],
            [
              21.9644243,
              50.1581861,
              0
            ]
          ]
        ]
      }
    },
    {
      "type": "Feature",
      "id": "163",
      "properties": {
        "id": "163",
        "name": "163 Głogów Małopolski M",
        "number": "163",
        "color": "#0f9d58"
      },
      "geometry": {
        "type": "Polygon",
        "coordinates": [
          [
            [
              21.9682428,
              50.1576585,
              0
            ],
            [
              21.9691976,
              50.155995,
              0
            ],
            [
              21.9706846,
              50.1562064,
              0
            ],
            [
              21.9729903,
              50.1569367,
              0
            ],
            [
              21.9753184,
              50.1573285,
              0
            ],
            [
              21.9751039,
              50.1565174,
              0
            ],
            [
              21.9746328,
              50.1558352,
              0
            ],
            [
              21.9713125,
              50.1543632,
              0
            ],
            [
              21.9754967,
              50.1551743,
              0
            ],
            [
              21.9764996,
              50.1528793,
              0
            ],
            [
              21.9860697,
              50.1545979,
              0
            ],
            [
              21.9835163,
              50.158626,
              0
            ],
            [
              21.9839669,
              50.1594508,
              0
            ],
            [
              21.9824005,
              50.1600144,
              0
            ],
            [
              21.9817996,
              50.1594783,
              0
            ],
            [
              21.978345,
              50.1602481,
              0
            ],
            [
              21.9758988,
              50.1654028,
              0
            ],
            [
              21.971736,
              50.1646331,
              0
            ],
            [
              21.9746972,
              50.1594096,
              0
            ],
            [
              21.9682428,
              50.1576585,
              0
            ]
          ]
        ]
      }
    },
    {
      "type": "Feature",
      "id": "164",
      "properties": {
        "id": "164",
        "name": "164 Głogów Małopolski N",
        "number": "164",
        "color": "#ffd600"
      },
      "geometry": {
        "type": "Polygon",
        "coordinates": [
          [
            [
              21.9644313,
              50.1591326,
              0
            ],
            [
              21.9648632,
              50.1585177,
              0
            ],
            [
              21.9675669,
              50.1586758,
              0
            ],
            [
              21.9682642,
              50.1588751,
              0
            ],
            [
              21.967489,
              50.1599746,
              0
            ],
            [
              21.9662123,
              50.159624,
              0
            ],
            [
              21.966443,
              50.1593113,
              0
            ],
            [
              21.965236,
              50.1589711,
              0
            ],
            [
              21.9650214,
              50.1592838,
              0
            ],
            [
              21.9644313,
              50.1591326,
              0
            ]
          ]
        ]
      }
    },
    {
      "type": "Feature",
      "id": "165",
      "properties": {
        "id": "165",
        "name": "165 Głogów Małopolski O",
        "number": "165",
        "color": "#000000"
      },
      "geometry": {
        "type": "Polygon",
        "coordinates": [
          [
            [
              21.9616885,
              50.156502,
              0
            ],
            [
              21.961704,
              50.156476,
              0
            ],
            [
              21.9628257,
              50.1568663,
              0
            ],
            [
              21.9644243,
              50.1581861,
              0
            ],
            [
              21.9648632,
              50.1585177,
              0
            ],
            [
              21.9644313,
              50.1591326,
              0
            ],
            [
              21.9650214,
              50.1592838,
              0
            ],
            [
              21.965236,
              50.1589711,
              0
            ],
            [
              21.966443,
              50.1593113,
              0
            ],
            [
              21.9662123,
              50.159624,
              0
            ],
            [
              21.967489,
              50.1599746,
              0
            ],
            [
              21.9659275,
              50.1626711,
              0
            ],
            [
              21.9586534,
              50.1609666,
              0
            ],
            [
              21.9616885,
              50.156502,
              0
            ]
          ]
        ]
      }
    },
    {
      "type": "Feature",
      "id": "166",
      "properties": {
        "id": "166",
        "name": "166 Głogów Małopolski P",
        "number": "166",
        "color": "#a52714"
      },
      "geometry": {
        "type": "Polygon",
        "coordinates": [
          [
            [
              21.9596292,
              50.1595054,
              0
            ],
            [
              21.9586534,
              50.1609666,
              0
            ],
            [
              21.9577249,
              50.1635503,
              0
            ],
            [
              21.9568022,
              50.1647186,
              0
            ],
            [
              21.9517167,
              50.168361,
              0
            ],
            [
              21.9525321,
              50.1653097,
              0
            ],
            [
              21.9497426,
              50.1641001,
              0
            ],
            [
              21.9518884,
              50.1622444,
              0
            ],
            [
              21.9490774,
              50.1611997,
              0
            ],
            [
              21.953134,
              50.1556435,
              0
            ],
            [
              21.9572003,
              50.1570424,
              0
            ],
            [
              21.9577206,
              50.1577607,
              0
            ],
            [
              21.9584394,
              50.1580322,
              0
            ],
            [
              21.9586138,
              50.1577916,
              0
            ],
            [
              21.9605128,
              50.1582969,
              0
            ],
            [
              21.9596292,
              50.1595054,
              0
            ]
          ]
        ]
      }
    },
    {
      "type": "Feature",
      "id": "167",
      "properties": {
        "id": "167",
        "name": "167 Głogów Małopolski R",
        "number": "167",
        "color": "#1a237e"
      },
      "geometry": {
        "type": "Polygon",
        "coordinates": [
          [
            [
              21.9517167,
              50.168361,
              0
            ],
            [
              21.9568022,
              50.1647186,
              0
            ],
            [
              21.9577455,
              50.1635087,
              0
            ],
            [
              21.9586574,
              50.1608694,
              0
            ],
            [
              21.9586534,
              50.1609666,
              0
            ],
            [
              21.9659275,
              50.1626711,
              0
            ],
            [
              21.9689616,
              50.1578509,
              0
            ],
            [
              21.9746972,
              50.1594096,
              0
            ],
            [
              21.971736,
              50.1646331,
              0
            ],
            [
              21.9737877,
              50.164973,
              0
            ],
            [
              21.9731011,
              50.1666499,
              0
            ],
            [
              21.9704404,
              50.1669248,
              0
            ],
            [
              21.9712227,
              50.1694427,
              0
            ],
            [
              21.9665342,
              50.1707965,
              0
            ],
            [
              21.9602149,
              50.1702261,
              0
            ],
            [
              21.960451,
              50.1689823,
              0
            ],
            [
              21.9576615,
              50.1686799,
              0
            ],
            [
              21.9578009,
              50.1681714,
              0
            ],
            [
              21.9568353,
              50.168082,
              0
            ],
            [
              21.9572001,
              50.1667007,
              0
            ],
            [
              21.9514924,
              50.1685493,
              0
            ],
            [
              21.9517167,
              50.168361,
              0
            ]
          ]
        ]
      }
    },
    {
      "type": "Feature",
      "id": "168",
      "properties": {
        "id": "168",
        "name": "168 Głogów Małopolski S",
        "number": "168",
        "color": "#a52714"
      },
      "geometry": {
        "type": "Polygon",
        "coordinates": [
          [
            [
              21.9568353,
              50.168082,
              0
            ],
            [
              21.9578009,
              50.1681714,
              0
            ],
            [
              21.9576615,
              50.1686799,
              0
            ],
            [
              21.960451,
              50.1689823,
              0
            ],
            [
              21.9602149,
              50.1702261,
              0
            ],
            [
              21.9665342,
              50.1707965,
              0
            ],
            [
              21.9712227,
              50.1694427,
              0
            ],
            [
              21.9861805,
              50.1698619,
              0
            ],
            [
              21.9942655,
              50.1698376,
              0
            ],
            [
              21.9938364,
              50.1816284,
              0
            ],
            [
              21.9790735,
              50.1815597,
              0
            ],
            [
              21.9789662,
              50.1874266,
              0
            ],
            [
              21.9670376,
              50.1872981,
              0
            ],
            [
              21.9670972,
              50.1773379,
              0
            ],
            [
              21.9596084,
              50.1778051,
              0
            ],
            [
              21.9589781,
              50.1767626,
              0
            ],
            [
              21.9584202,
              50.1755258,
              0
            ],
            [
              21.9609737,
              50.1750998,
              0
            ],
            [
              21.9608664,
              50.1742271,
              0
            ],
            [
              21.960566,
              50.1723649,
              0
            ],
            [
              21.957916,
              50.1705783,
              0
            ],
            [
              21.9567358,
              50.1703928,
              0
            ],
            [
              21.9560599,
              50.1698155,
              0
            ],
            [
              21.9568353,
              50.168082,
              0
            ]
          ]
        ]
      }
    },
    {
      "type": "Feature",
      "id": "169",
      "properties": {
        "id": "169",
        "name": "169 Styków A",
        "number": "169",
        "color": "#0f9d58"
      },
      "geometry": {
        "type": "Polygon",
        "coordinates": [
          [
            [
              21.9482129,
              50.186928,
              0
            ],
            [
              21.9430753,
              50.1859449,
              0
            ],
            [
              21.9481822,
              50.1761066,
              0
            ],
            [
              21.960566,
              50.1723649,
              0
            ],
            [
              21.9609737,
              50.1750998,
              0
            ],
            [
              21.9584202,
              50.1755258,
              0
            ],
            [
              21.9596084,
              50.1778051,
              0
            ],
            [
              21.9557997,
              50.1791572,
              0
            ],
            [
              21.952624,
              50.1836916,
              0
            ],
            [
              21.9520431,
              50.1876218,
              0
            ],
            [
              21.9482129,
              50.186928,
              0
            ]
          ]
        ]
      }
    },
    {
      "type": "Feature",
      "id": "170",
      "properties": {
        "id": "170",
        "name": "170 Styków B",
        "number": "170",
        "color": "#ffd600"
      },
      "geometry": {
        "type": "Polygon",
        "coordinates": [
          [
            [
              21.9520431,
              50.1876218,
              0
            ],
            [
              21.9477013,
              50.1961213,
              0
            ],
            [
              21.9309214,
              50.1984015,
              0
            ],
            [
              21.9272307,
              50.1940059,
              0
            ],
            [
              21.936715,
              50.1899121,
              0
            ],
            [
              21.9386461,
              50.1910111,
              0
            ],
            [
              21.9430753,
              50.1859449,
              0
            ],
            [
              21.9520431,
              50.1876218,
              0
            ]
          ]
        ]
      }
    },
    {
      "type": "Feature",
      "id": "171",
      "properties": {
        "id": "171",
        "name": "171 Wólka Podleśna Prawa Strona",
        "number": "171",
        "color": "#ffd600"
      },
      "geometry": {
        "type": "Polygon",
        "coordinates": [
          [
            [
              22.1262016,
              50.124796,
              0
            ],
            [
              22.1195265,
              50.1243336,
              0
            ],
            [
              22.1190115,
              50.1230129,
              0
            ],
            [
              22.1185609,
              50.1200687,
              0
            ],
            [
              22.115986,
              50.1187892,
              0
            ],
            [
              22.1125099,
              50.1176197,
              0
            ],
            [
              22.106609,
              50.1165464,
              0
            ],
            [
              22.1003004,
              50.1163951,
              0
            ],
            [
              22.0981332,
              50.1165052,
              0
            ],
            [
              22.0959231,
              50.1163263,
              0
            ],
            [
              22.093155,
              50.1164776,
              0
            ],
            [
              22.0884773,
              50.1160236,
              0
            ],
            [
              22.0884129,
              50.1150742,
              0
            ],
            [
              22.1056005,
              50.1150467,
              0
            ],
            [
              22.1117374,
              50.1139734,
              0
            ],
            [
              22.1227452,
              50.1157484,
              0
            ],
            [
              22.1227881,
              50.1213482,
              0
            ],
            [
              22.1260926,
              50.1222631,
              0
            ],
            [
              22.1262016,
              50.124796,
              0
            ]
          ]
        ]
      }
    },
    {
      "type": "Feature",
      "id": "172",
      "properties": {
        "id": "172",
        "name": "172 Wólka Podleśna Lewa Strona",
        "number": "172",
        "color": "#0f9d58"
      },
      "geometry": {
        "type": "Polygon",
        "coordinates": [
          [
            [
              22.1262016,
              50.124796,
              0
            ],
            [
              22.1261749,
              50.1263932,
              0
            ],
            [
              22.1229992,
              50.133725,
              0
            ],
            [
              22.1170342,
              50.1394532,
              0
            ],
            [
              22.1152744,
              50.1394876,
              0
            ],
            [
              22.110146,
              50.1287042,
              0
            ],
            [
              22.1086869,
              50.1286905,
              0
            ],
            [
              22.1030435,
              50.125334,
              0
            ],
            [
              22.0930872,
              50.1243847,
              0
            ],
            [
              22.0932803,
              50.1200236,
              0
            ],
            [
              22.0884686,
              50.1181399,
              0
            ],
            [
              22.0884773,
              50.1160236,
              0
            ],
            [
              22.093155,
              50.1164776,
              0
            ],
            [
              22.0959231,
              50.1163263,
              0
            ],
            [
              22.098001,
              50.1165288,
              0
            ],
            [
              22.1003004,
              50.1163951,
              0
            ],
            [
              22.106609,
              50.1165464,
              0
            ],
            [
              22.1125099,
              50.1176197,
              0
            ],
            [
              22.115986,
              50.1187892,
              0
            ],
            [
              22.1185609,
              50.1200687,
              0
            ],
            [
              22.1190115,
              50.1230129,
              0
            ],
            [
              22.1195265,
              50.1243336,
              0
            ],
            [
              22.1262016,
              50.124796,
              0
            ]
          ]
        ]
      }
    },
    {
      "type": "Feature",
      "id": "173",
      "properties": {
        "id": "173",
        "name": "173 Pogwizdów",
        "number": "173",
        "color": "#1a237e"
      },
      "geometry": {
        "type": "Polygon",
        "coordinates": [
          [
            [
              22.1342739,
              50.1363638,
              0
            ],
            [
              22.1229992,
              50.133725,
              0
            ],
            [
              22.1261749,
              50.1263932,
              0
            ],
            [
              22.1260926,
              50.1222631,
              0
            ],
            [
              22.1261496,
              50.1204378,
              0
            ],
            [
              22.1311922,
              50.1203277,
              0
            ],
            [
              22.1314497,
              50.1123886,
              0
            ],
            [
              22.1435947,
              50.112595,
              0
            ],
            [
              22.1433013,
              50.117138,
              0
            ],
            [
              22.1398521,
              50.1195691,
              0
            ],
            [
              22.1389189,
              50.1219269,
              0
            ],
            [
              22.1389405,
              50.1239732,
              0
            ],
            [
              22.138329,
              50.1256034,
              0
            ],
            [
              22.1382851,
              50.127676,
              0
            ],
            [
              22.1364334,
              50.1297352,
              0
            ],
            [
              22.1343236,
              50.1359701,
              0
            ],
            [
              22.1342739,
              50.1363638,
              0
            ]
          ]
        ]
      }
    },
    {
      "type": "Feature",
      "id": "174",
      "properties": {
        "id": "174",
        "name": "174 Medynia Łańcucka",
        "number": "174",
        "color": "#a52714"
      },
      "geometry": {
        "type": "Polygon",
        "coordinates": [
          [
            [
              22.1372405,
              50.1365649,
              0
            ],
            [
              22.1352603,
              50.1360904,
              0
            ],
            [
              22.1343236,
              50.1359701,
              0
            ],
            [
              22.1350115,
              50.1339401,
              0
            ],
            [
              22.1364334,
              50.1297352,
              0
            ],
            [
              22.1382851,
              50.127676,
              0
            ],
            [
              22.138329,
              50.1256034,
              0
            ],
            [
              22.1389405,
              50.1239732,
              0
            ],
            [
              22.1389189,
              50.1219269,
              0
            ],
            [
              22.1398521,
              50.1195691,
              0
            ],
            [
              22.1433013,
              50.117138,
              0
            ],
            [
              22.1500685,
              50.11628,
              0
            ],
            [
              22.1482102,
              50.1271717,
              0
            ],
            [
              22.1543471,
              50.128341,
              0
            ],
            [
              22.1542184,
              50.1387943,
              0
            ],
            [
              22.1399866,
              50.1372659,
              0
            ],
            [
              22.1384151,
              50.1366799,
              0
            ],
            [
              22.1372405,
              50.1365649,
              0
            ]
          ]
        ]
      }
    },
    {
      "type": "Feature",
      "id": "175",
      "properties": {
        "id": "175",
        "name": "175 Medynia Głogowska Koniec",
        "number": "175",
        "color": "#ffd600"
      },
      "geometry": {
        "type": "Polygon",
        "coordinates": [
          [
            [
              22.1329421,
              50.1522865,
              0
            ],
            [
              22.1342095,
              50.1493445,
              0
            ],
            [
              22.1312698,
              50.148712,
              0
            ],
            [
              22.1312698,
              50.1482927,
              0
            ],
            [
              22.129285,
              50.1473439,
              0
            ],
            [
              22.1279331,
              50.1435207,
              0
            ],
            [
              22.1287914,
              50.1402203,
              0
            ],
            [
              22.1325036,
              50.1400002,
              0
            ],
            [
              22.1342739,
              50.1363638,
              0
            ],
            [
              22.1343236,
              50.1359701,
              0
            ],
            [
              22.1352603,
              50.1360904,
              0
            ],
            [
              22.1370741,
              50.136562,
              0
            ],
            [
              22.1384151,
              50.1366799,
              0
            ],
            [
              22.1399866,
              50.1372659,
              0
            ],
            [
              22.1420952,
              50.1375247,
              0
            ],
            [
              22.1367629,
              50.1526577,
              0
            ],
            [
              22.1437374,
              50.1531743,
              0
            ],
            [
              22.1433318,
              50.1551676,
              0
            ],
            [
              22.1347903,
              50.1547359,
              0
            ],
            [
              22.1327733,
              50.1529348,
              0
            ],
            [
              22.1329421,
              50.1522865,
              0
            ]
          ]
        ]
      }
    },
    {
      "type": "Feature",
      "id": "176",
      "properties": {
        "id": "176",
        "name": "176 Medynia Głogowska Suchary",
        "number": "176",
        "color": "#a52714"
      },
      "geometry": {
        "type": "Polygon",
        "coordinates": [
          [
            [
              22.1382408,
              50.1578475,
              0
            ],
            [
              22.1373717,
              50.1580297,
              0
            ],
            [
              22.1363632,
              50.1579232,
              0
            ],
            [
              22.1351803,
              50.1577255,
              0
            ],
            [
              22.134588,
              50.1575732,
              0
            ],
            [
              22.1333297,
              50.157505,
              0
            ],
            [
              22.132077,
              50.1572323,
              0
            ],
            [
              22.1266804,
              50.1540359,
              0
            ],
            [
              22.128912,
              50.1501587,
              0
            ],
            [
              22.122445,
              50.1495497,
              0
            ],
            [
              22.1216296,
              50.1528221,
              0
            ],
            [
              22.1146344,
              50.1526846,
              0
            ],
            [
              22.1147631,
              50.1468822,
              0
            ],
            [
              22.1020173,
              50.1460572,
              0
            ],
            [
              22.1026819,
              50.1407212,
              0
            ],
            [
              22.1281599,
              50.1431309,
              0
            ],
            [
              22.1279331,
              50.1435207,
              0
            ],
            [
              22.129285,
              50.1473439,
              0
            ],
            [
              22.1312698,
              50.1482927,
              0
            ],
            [
              22.1312698,
              50.148712,
              0
            ],
            [
              22.1342095,
              50.1493445,
              0
            ],
            [
              22.1329421,
              50.1522865,
              0
            ],
            [
              22.1327733,
              50.1529348,
              0
            ],
            [
              22.1382408,
              50.1578475,
              0
            ]
          ]
        ]
      }
    },
    {
      "type": "Feature",
      "id": "177",
      "properties": {
        "id": "177",
        "name": "177 Medynia Głogowska Centrum",
        "number": "177",
        "color": "#0f9d58"
      },
      "geometry": {
        "type": "Polygon",
        "coordinates": [
          [
            [
              22.1453454,
              50.1714118,
              0
            ],
            [
              22.1408608,
              50.1728274,
              0
            ],
            [
              22.1358397,
              50.173109,
              0
            ],
            [
              22.1357061,
              50.1704534,
              0
            ],
            [
              22.1290542,
              50.1698486,
              0
            ],
            [
              22.1303417,
              50.1630862,
              0
            ],
            [
              22.1331097,
              50.1632923,
              0
            ],
            [
              22.1333297,
              50.157505,
              0
            ],
            [
              22.134588,
              50.1575732,
              0
            ],
            [
              22.1352347,
              50.1577376,
              0
            ],
            [
              22.1364155,
              50.1579358,
              0
            ],
            [
              22.1373717,
              50.1580297,
              0
            ],
            [
              22.1382408,
              50.1578475,
              0
            ],
            [
              22.1347903,
              50.1547359,
              0
            ],
            [
              22.1391863,
              50.154885,
              0
            ],
            [
              22.1433318,
              50.1551676,
              0
            ],
            [
              22.1427632,
              50.1578004,
              0
            ],
            [
              22.1405745,
              50.161457,
              0
            ],
            [
              22.1448575,
              50.1677511,
              0
            ],
            [
              22.1453454,
              50.1714118,
              0
            ]
          ]
        ]
      }
    },
    {
      "type": "Feature",
      "id": "178",
      "properties": {
        "id": "178",
        "name": "178 Medynia Głogowska Północ",
        "number": "178",
        "color": "#ffd600"
      },
      "geometry": {
        "type": "Polygon",
        "coordinates": [
          [
            [
              22.1487628,
              50.1824724,
              0
            ],
            [
              22.1410062,
              50.1844287,
              0
            ],
            [
              22.1358349,
              50.1785065,
              0
            ],
            [
              22.1358397,
              50.173109,
              0
            ],
            [
              22.1408608,
              50.1728274,
              0
            ],
            [
              22.1453454,
              50.1714118,
              0
            ],
            [
              22.1465634,
              50.1791677,
              0
            ],
            [
              22.1487628,
              50.1824724,
              0
            ]
          ]
        ]
      }
    },
    {
      "type": "Feature",
      "id": "179",
      "properties": {
        "id": "179",
        "name": "179 Zalesie Południe",
        "number": "179",
        "color": "#1a237e"
      },
      "geometry": {
        "type": "Polygon",
        "coordinates": [
          [
            [
              22.15843,
              50.1571935,
              0
            ],
            [
              22.1577004,
              50.14189,
              0
            ],
            [
              22.1616057,
              50.1416974,
              0
            ],
            [
              22.1617345,
              50.1436227,
              0
            ],
            [
              22.1637944,
              50.1438977,
              0
            ],
            [
              22.1636657,
              50.1458504,
              0
            ],
            [
              22.1652964,
              50.1519829,
              0
            ],
            [
              22.1726779,
              50.1550763,
              0
            ],
            [
              22.1705744,
              50.1601197,
              0
            ],
            [
              22.1697697,
              50.1599204,
              0
            ],
            [
              22.1661755,
              50.1584082,
              0
            ],
            [
              22.1633968,
              50.1578445,
              0
            ],
            [
              22.16212,
              50.1570953,
              0
            ],
            [
              22.1604041,
              50.1572347,
              0
            ],
            [
              22.15843,
              50.1571935,
              0
            ]
          ]
        ]
      }
    },
    {
      "type": "Feature",
      "id": "180",
      "properties": {
        "id": "180",
        "name": "180 Zalesie Północ",
        "number": "180",
        "color": "#a52714"
      },
      "geometry": {
        "type": "Polygon",
        "coordinates": [
          [
            [
              22.1605536,
              50.1572122,
              0
            ],
            [
              22.16212,
              50.1570953,
              0
            ],
            [
              22.1633968,
              50.1578445,
              0
            ],
            [
              22.1661755,
              50.1584082,
              0
            ],
            [
              22.1697697,
              50.1599204,
              0
            ],
            [
              22.1705744,
              50.1601197,
              0
            ],
            [
              22.1700379,
              50.1610888,
              0
            ],
            [
              22.1668951,
              50.1621862,
              0
            ],
            [
              22.166423,
              50.1748585,
              0
            ],
            [
              22.1565525,
              50.1749409,
              0
            ],
            [
              22.1568958,
              50.1718625,
              0
            ],
            [
              22.1532051,
              50.1717526,
              0
            ],
            [
              22.1535484,
              50.1679867,
              0
            ],
            [
              22.1559088,
              50.1658425,
              0
            ],
            [
              22.1570675,
              50.1571686,
              0
            ],
            [
              22.1605536,
              50.1572122,
              0
            ]
          ]
        ]
      }
    },
    {
      "type": "Feature",
      "id": "181",
      "properties": {
        "id": "181",
        "name": "181 Węgliska",
        "number": "181",
        "color": "#ffd600"
      },
      "geometry": {
        "type": "Polygon",
        "coordinates": [
          [
            [
              22.1975492,
              50.1687288,
              0
            ],
            [
              22.1900095,
              50.1690337,
              0
            ],
            [
              22.1888508,
              50.1722772,
              0
            ],
            [
              22.1782077,
              50.1731293,
              0
            ],
            [
              22.1803106,
              50.1635632,
              0
            ],
            [
              22.1727146,
              50.1626835,
              0
            ],
            [
              22.1761049,
              50.1554251,
              0
            ],
            [
              22.1926702,
              50.150008,
              0
            ],
            [
              22.216266,
              50.1611521,
              0
            ],
            [
              22.2155522,
              50.1661723,
              0
            ],
            [
              22.2071408,
              50.1671345,
              0
            ],
            [
              22.1975492,
              50.1687288,
              0
            ]
          ]
        ]
      }
    },
    {
      "type": "Feature",
      "id": "182",
      "properties": {
        "id": "182",
        "name": "182 Trzeboś Podlas",
        "number": "182",
        "color": "#0f9d58"
      },
      "geometry": {
        "type": "Polygon",
        "coordinates": [
          [
            [
              22.1888508,
              50.1722772,
              0
            ],
            [
              22.1900095,
              50.1690337,
              0
            ],
            [
              22.1975492,
              50.1687288,
              0
            ],
            [
              22.2071408,
              50.1671345,
              0
            ],
            [
              22.2155522,
              50.1661723,
              0
            ],
            [
              22.2134335,
              50.1808879,
              0
            ],
            [
              22.2103437,
              50.1888019,
              0
            ],
            [
              22.211859,
              50.1906276,
              0
            ],
            [
              22.2070525,
              50.1911496,
              0
            ],
            [
              22.2010872,
              50.1924959,
              0
            ],
            [
              22.1983406,
              50.1938697,
              0
            ],
            [
              22.1962807,
              50.1964247,
              0
            ],
            [
              22.1954653,
              50.1991169,
              0
            ],
            [
              22.1942208,
              50.2006278,
              0
            ],
            [
              22.1912167,
              50.2029627,
              0
            ],
            [
              22.1904442,
              50.2041164,
              0
            ],
            [
              22.1887906,
              50.2048549,
              0
            ],
            [
              22.1878143,
              50.20583,
              0
            ],
            [
              22.1847459,
              50.2072583,
              0
            ],
            [
              22.1782848,
              50.2027543,
              0
            ],
            [
              22.1717188,
              50.1945129,
              0
            ],
            [
              22.1753666,
              50.1884408,
              0
            ],
            [
              22.1752378,
              50.1795649,
              0
            ],
            [
              22.1691009,
              50.1795374,
              0
            ],
            [
              22.1693155,
              50.1738757,
              0
            ],
            [
              22.1782077,
              50.1731293,
              0
            ],
            [
              22.1888508,
              50.1722772,
              0
            ]
          ]
        ]
      }
    },
    {
      "type": "Feature",
      "id": "183",
      "properties": {
        "id": "183",
        "name": "183 Kąty Rakszawskie",
        "number": "183",
        "color": "#ffd600"
      },
      "geometry": {
        "type": "Polygon",
        "coordinates": [
          [
            [
              22.211859,
              50.1906276,
              0
            ],
            [
              22.2156222,
              50.194819,
              0
            ],
            [
              22.2153647,
              50.1986651,
              0
            ],
            [
              22.210644,
              50.201632,
              0
            ],
            [
              22.2034771,
              50.2048183,
              0
            ],
            [
              22.2008478,
              50.2166956,
              0
            ],
            [
              22.1973287,
              50.2176292,
              0
            ],
            [
              22.1869861,
              50.2177803,
              0
            ],
            [
              22.1847459,
              50.2072583,
              0
            ],
            [
              22.1878143,
              50.20583,
              0
            ],
            [
              22.1887906,
              50.2048549,
              0
            ],
            [
              22.1904442,
              50.2041164,
              0
            ],
            [
              22.1912167,
              50.2029627,
              0
            ],
            [
              22.1942208,
              50.2006278,
              0
            ],
            [
              22.1954653,
              50.1991169,
              0
            ],
            [
              22.1962807,
              50.1964247,
              0
            ],
            [
              22.1983406,
              50.1938697,
              0
            ],
            [
              22.2010872,
              50.1924959,
              0
            ],
            [
              22.2070525,
              50.1911496,
              0
            ],
            [
              22.211859,
              50.1906276,
              0
            ]
          ]
        ]
      }
    },
    {
      "type": "Feature",
      "id": "184",
      "properties": {
        "id": "184",
        "name": "184 Trzeboś Południe",
        "number": "184",
        "color": "#1a237e"
      },
      "geometry": {
        "type": "Polygon",
        "coordinates": [
          [
            [
              22.1469029,
              50.1828736,
              0
            ],
            [
              22.1494563,
              50.1823205,
              0
            ],
            [
              22.15216,
              50.1869508,
              0
            ],
            [
              22.15216,
              50.1910586,
              0
            ],
            [
              22.1511086,
              50.1970891,
              0
            ],
            [
              22.1469672,
              50.2006192,
              0
            ],
            [
              22.1474178,
              50.2015257,
              0
            ],
            [
              22.1437245,
              50.2024158,
              0
            ],
            [
              22.1429198,
              50.2012861,
              0
            ],
            [
              22.1438955,
              50.1985594,
              0
            ],
            [
              22.1432303,
              50.1984495,
              0
            ],
            [
              22.144904,
              50.1953863,
              0
            ],
            [
              22.1463402,
              50.1956447,
              0
            ],
            [
              22.1478798,
              50.1920559,
              0
            ],
            [
              22.1460231,
              50.1918828,
              0
            ],
            [
              22.1454437,
              50.1885445,
              0
            ],
            [
              22.1464523,
              50.1881873,
              0
            ],
            [
              22.1438988,
              50.1836945,
              0
            ],
            [
              22.1469029,
              50.1828736,
              0
            ]
          ]
        ]
      }
    },
    {
      "type": "Feature",
      "id": "185",
      "properties": {
        "id": "185",
        "name": "185 Trzeboś Górna",
        "number": "185",
        "color": "#ffd600"
      },
      "geometry": {
        "type": "Polygon",
        "coordinates": [
          [
            [
              22.1441178,
              50.2118488,
              0
            ],
            [
              22.1424714,
              50.2032806,
              0
            ],
            [
              22.1424048,
              50.202457,
              0
            ],
            [
              22.1430164,
              50.2025909,
              0
            ],
            [
              22.1437245,
              50.2024158,
              0
            ],
            [
              22.1460758,
              50.2018441,
              0
            ],
            [
              22.1483879,
              50.2013153,
              0
            ],
            [
              22.150421,
              50.2062768,
              0
            ],
            [
              22.1519727,
              50.208598,
              0
            ],
            [
              22.1524233,
              50.2091027,
              0
            ],
            [
              22.1494783,
              50.2101085,
              0
            ],
            [
              22.1467785,
              50.2111004,
              0
            ],
            [
              22.1450244,
              50.2117733,
              0
            ],
            [
              22.1441178,
              50.2118488,
              0
            ]
          ]
        ]
      }
    },
    {
      "type": "Feature",
      "id": "186",
      "properties": {
        "id": "186",
        "name": "186 Trzeboś Szkoła",
        "number": "186",
        "color": "#1a237e"
      },
      "geometry": {
        "type": "Polygon",
        "coordinates": [
          [
            [
              22.1532977,
              50.2164939,
              0
            ],
            [
              22.152713,
              50.2172388,
              0
            ],
            [
              22.1519459,
              50.217661,
              0
            ],
            [
              22.1441178,
              50.2118488,
              0
            ],
            [
              22.1450244,
              50.2117733,
              0
            ],
            [
              22.1467785,
              50.2111004,
              0
            ],
            [
              22.1494783,
              50.2101085,
              0
            ],
            [
              22.1524233,
              50.2091027,
              0
            ],
            [
              22.1575947,
              50.2147773,
              0
            ],
            [
              22.1532977,
              50.2164939,
              0
            ]
          ]
        ]
      }
    },
    {
      "type": "Feature",
      "id": "187",
      "properties": {
        "id": "187",
        "name": "187 Trzeboś Budy",
        "number": "187",
        "color": "#a52714"
      },
      "geometry": {
        "type": "Polygon",
        "coordinates": [
          [
            [
              22.1575947,
              50.2147773,
              0
            ],
            [
              22.1695976,
              50.223102,
              0
            ],
            [
              22.1721511,
              50.227797,
              0
            ],
            [
              22.181571,
              50.226383,
              0
            ],
            [
              22.1820645,
              50.2203425,
              0
            ],
            [
              22.1863346,
              50.2202601,
              0
            ],
            [
              22.1861951,
              50.2296776,
              0
            ],
            [
              22.1982329,
              50.2333287,
              0
            ],
            [
              22.1972244,
              50.2348522,
              0
            ],
            [
              22.185015,
              50.2319424,
              0
            ],
            [
              22.1832554,
              50.2303502,
              0
            ],
            [
              22.1750586,
              50.230309,
              0
            ],
            [
              22.1750586,
              50.2283735,
              0
            ],
            [
              22.1665184,
              50.2283872,
              0
            ],
            [
              22.1646606,
              50.2272131,
              0
            ],
            [
              22.1647464,
              50.2252431,
              0
            ],
            [
              22.1655529,
              50.2245778,
              0
            ],
            [
              22.1649395,
              50.2235546,
              0
            ],
            [
              22.16318,
              50.2224837,
              0
            ],
            [
              22.1614634,
              50.2218385,
              0
            ],
            [
              22.1595018,
              50.2219282,
              0
            ],
            [
              22.1574508,
              50.2213854,
              0
            ],
            [
              22.1562195,
              50.2212241,
              0
            ],
            [
              22.1553505,
              50.2208054,
              0
            ],
            [
              22.1548861,
              50.220539,
              0
            ],
            [
              22.1544784,
              50.2198388,
              0
            ],
            [
              22.1530622,
              50.2192347,
              0
            ],
            [
              22.1519459,
              50.217661,
              0
            ],
            [
              22.152713,
              50.2172388,
              0
            ],
            [
              22.1532977,
              50.2164939,
              0
            ],
            [
              22.1575947,
              50.2147773,
              0
            ]
          ]
        ]
      }
    },
    {
      "type": "Feature",
      "id": "188",
      "properties": {
        "id": "188",
        "name": "188 Kąty Trzebuskie Początek",
        "number": "188",
        "color": "#0f9d58"
      },
      "geometry": {
        "type": "Polygon",
        "coordinates": [
          [
            [
              22.153473,
              50.2239115,
              0
            ],
            [
              22.149009,
              50.2232002,
              0
            ],
            [
              22.1450608,
              50.2193286,
              0
            ],
            [
              22.136864,
              50.2161981,
              0
            ],
            [
              22.133817,
              50.2185048,
              0
            ],
            [
              22.1295254,
              50.2164178,
              0
            ],
            [
              22.1354907,
              50.2110351,
              0
            ],
            [
              22.1437495,
              50.2103782,
              0
            ],
            [
              22.1441178,
              50.2118488,
              0
            ],
            [
              22.1519459,
              50.217661,
              0
            ],
            [
              22.1530622,
              50.2192347,
              0
            ],
            [
              22.1544784,
              50.2198388,
              0
            ],
            [
              22.1548861,
              50.220539,
              0
            ],
            [
              22.1553505,
              50.2208054,
              0
            ],
            [
              22.1557367,
              50.2213786,
              0
            ],
            [
              22.1553881,
              50.221866,
              0
            ],
            [
              22.155152,
              50.2226005,
              0
            ],
            [
              22.1546531,
              50.2231736,
              0
            ],
            [
              22.153473,
              50.2239115,
              0
            ]
          ]
        ]
      }
    },
    {
      "type": "Feature",
      "id": "189",
      "properties": {
        "id": "189",
        "name": "189 Kąty Trzebuskie Koniec",
        "number": "189",
        "color": "#ffd600"
      },
      "geometry": {
        "type": "Polygon",
        "coordinates": [
          [
            [
              22.1646606,
              50.2272131,
              0
            ],
            [
              22.162056,
              50.2276592,
              0
            ],
            [
              22.1587301,
              50.2245568,
              0
            ],
            [
              22.153473,
              50.2239115,
              0
            ],
            [
              22.1546531,
              50.2231736,
              0
            ],
            [
              22.155152,
              50.2226005,
              0
            ],
            [
              22.1553881,
              50.221866,
              0
            ],
            [
              22.1557367,
              50.2213786,
              0
            ],
            [
              22.1553505,
              50.2208054,
              0
            ],
            [
              22.1562195,
              50.2212241,
              0
            ],
            [
              22.1574508,
              50.2213854,
              0
            ],
            [
              22.159382,
              50.2219071,
              0
            ],
            [
              22.1614634,
              50.2218385,
              0
            ],
            [
              22.16318,
              50.2224837,
              0
            ],
            [
              22.1649395,
              50.2235546,
              0
            ],
            [
              22.1655618,
              50.2246254,
              0
            ],
            [
              22.1647464,
              50.2252431,
              0
            ],
            [
              22.1646606,
              50.2272131,
              0
            ]
          ]
        ]
      }
    },
    {
      "type": "Feature",
      "id": "190",
      "properties": {
        "id": "190",
        "name": "190 Nienadówka Kalwaria",
        "number": "190",
        "color": "#a52714"
      },
      "geometry": {
        "type": "Polygon",
        "coordinates": [
          [
            [
              22.1040707,
              50.1939477,
              0
            ],
            [
              22.1038929,
              50.1934577,
              0
            ],
            [
              22.0969406,
              50.1859429,
              0
            ],
            [
              22.1067896,
              50.1856406,
              0
            ],
            [
              22.1070686,
              50.1900508,
              0
            ],
            [
              22.1157205,
              50.1919245,
              0
            ],
            [
              22.1337235,
              50.1978038,
              0
            ],
            [
              22.1397745,
              50.1967873,
              0
            ],
            [
              22.1440875,
              50.1916909,
              0
            ],
            [
              22.1478154,
              50.1920559,
              0
            ],
            [
              22.1462758,
              50.1956447,
              0
            ],
            [
              22.1448396,
              50.1953863,
              0
            ],
            [
              22.1431659,
              50.1984495,
              0
            ],
            [
              22.1438311,
              50.1985594,
              0
            ],
            [
              22.1428554,
              50.2012861,
              0
            ],
            [
              22.1436601,
              50.2024158,
              0
            ],
            [
              22.142952,
              50.2025909,
              0
            ],
            [
              22.1423404,
              50.202457,
              0
            ],
            [
              22.1392934,
              50.200589,
              0
            ],
            [
              22.1347015,
              50.200122,
              0
            ],
            [
              22.1295302,
              50.1992155,
              0
            ],
            [
              22.1268909,
              50.1982952,
              0
            ],
            [
              22.1069031,
              50.1938034,
              0
            ],
            [
              22.1040707,
              50.1939477,
              0
            ]
          ]
        ]
      }
    },
    {
      "type": "Feature",
      "id": "191",
      "properties": {
        "id": "191",
        "name": "191 Nienadówka Dolna",
        "number": "191",
        "color": "#0f9d58"
      },
      "geometry": {
        "type": "Polygon",
        "coordinates": [
          [
            [
              22.1041749,
              50.1964464,
              0
            ],
            [
              22.1041351,
              50.1939477,
              0
            ],
            [
              22.1069675,
              50.1938034,
              0
            ],
            [
              22.1269553,
              50.1982952,
              0
            ],
            [
              22.1295946,
              50.1992155,
              0
            ],
            [
              22.1347659,
              50.200122,
              0
            ],
            [
              22.1393578,
              50.200589,
              0
            ],
            [
              22.1424048,
              50.202457,
              0
            ],
            [
              22.1424714,
              50.2032806,
              0
            ],
            [
              22.1365169,
              50.2032669,
              0
            ],
            [
              22.1274618,
              50.2010831,
              0
            ],
            [
              22.1076443,
              50.1971425,
              0
            ],
            [
              22.1075404,
              50.1996858,
              0
            ],
            [
              22.1042483,
              50.1996526,
              0
            ],
            [
              22.1041749,
              50.1964464,
              0
            ]
          ]
        ]
      }
    },
    {
      "type": "Feature",
      "id": "192",
      "properties": {
        "id": "192",
        "name": "192 Nienadówka Górna",
        "number": "192",
        "color": "#1a237e"
      },
      "geometry": {
        "type": "Polygon",
        "coordinates": [
          [
            [
              22.1039793,
              50.1935828,
              0
            ],
            [
              22.0965013,
              50.1926693,
              0
            ],
            [
              22.0943877,
              50.1926487,
              0
            ],
            [
              22.0933041,
              50.1924838,
              0
            ],
            [
              22.0916733,
              50.1927517,
              0
            ],
            [
              22.0893452,
              50.1925525,
              0
            ],
            [
              22.087178,
              50.192841,
              0
            ],
            [
              22.0838091,
              50.1946406,
              0
            ],
            [
              22.0820496,
              50.1952175,
              0
            ],
            [
              22.0709348,
              50.1978046,
              0
            ],
            [
              22.0702264,
              50.1958769,
              0
            ],
            [
              22.076531,
              50.1943098,
              0
            ],
            [
              22.0780545,
              50.1928262,
              0
            ],
            [
              22.0884615,
              50.1903396,
              0
            ],
            [
              22.097005,
              50.1859429,
              0
            ],
            [
              22.1008318,
              50.1900683,
              0
            ],
            [
              22.1039573,
              50.1934577,
              0
            ],
            [
              22.1039793,
              50.1935828,
              0
            ]
          ]
        ]
      }
    },
    {
      "type": "Feature",
      "id": "193",
      "properties": {
        "id": "193",
        "name": "193 Nienadówka Centrum",
        "number": "193",
        "color": "#ffd600"
      },
      "geometry": {
        "type": "Polygon",
        "coordinates": [
          [
            [
              22.104271,
              50.202092,
              0
            ],
            [
              22.1000405,
              50.2022296,
              0
            ],
            [
              22.0995899,
              50.195458,
              0
            ],
            [
              22.0876165,
              50.1947299,
              0
            ],
            [
              22.0837542,
              50.1967904,
              0
            ],
            [
              22.0701748,
              50.1994617,
              0
            ],
            [
              22.0701397,
              50.1992155,
              0
            ],
            [
              22.0700432,
              50.1980412,
              0
            ],
            [
              22.0709348,
              50.1978046,
              0
            ],
            [
              22.0821589,
              50.1951967,
              0
            ],
            [
              22.0838091,
              50.1946406,
              0
            ],
            [
              22.087178,
              50.192841,
              0
            ],
            [
              22.0893452,
              50.1925525,
              0
            ],
            [
              22.0916733,
              50.1927517,
              0
            ],
            [
              22.0933041,
              50.1924838,
              0
            ],
            [
              22.0943877,
              50.1926487,
              0
            ],
            [
              22.0965013,
              50.1926693,
              0
            ],
            [
              22.1039793,
              50.1935828,
              0
            ],
            [
              22.1041351,
              50.1939477,
              0
            ],
            [
              22.1041749,
              50.1964464,
              0
            ],
            [
              22.104271,
              50.202092,
              0
            ]
          ]
        ]
      }
    },
    {
      "type": "Feature",
      "id": "194",
      "properties": {
        "id": "194",
        "name": "194 Nienadówka Podmłynie",
        "number": "194",
        "color": "#0f9d58"
      },
      "geometry": {
        "type": "Polygon",
        "coordinates": [
          [
            [
              22.0700432,
              50.1980412,
              0
            ],
            [
              22.0701397,
              50.1992155,
              0
            ],
            [
              22.0514072,
              50.2002045,
              0
            ],
            [
              22.0455707,
              50.202457,
              0
            ],
            [
              22.0410443,
              50.2025021,
              0
            ],
            [
              22.035122,
              50.2014445,
              0
            ],
            [
              22.0385445,
              50.2001809,
              0
            ],
            [
              22.0389629,
              50.1972552,
              0
            ],
            [
              22.0533181,
              50.1969255,
              0
            ],
            [
              22.0681239,
              50.1959228,
              0
            ],
            [
              22.0701624,
              50.1957442,
              0
            ],
            [
              22.0709348,
              50.1978046,
              0
            ],
            [
              22.0700432,
              50.1980412,
              0
            ]
          ]
        ]
      }
    },
    {
      "type": "Feature",
      "id": "195",
      "properties": {
        "id": "195",
        "name": "195 Trzebuska Dworzysko",
        "number": "195",
        "color": "#a52714"
      },
      "geometry": {
        "type": "Polygon",
        "coordinates": [
          [
            [
              22.1080748,
              50.2160533,
              0
            ],
            [
              22.1011458,
              50.2166759,
              0
            ],
            [
              22.0989571,
              50.2106479,
              0
            ],
            [
              22.1036696,
              50.2105974,
              0
            ],
            [
              22.1037018,
              50.2096258,
              0
            ],
            [
              22.1031224,
              50.2096395,
              0
            ],
            [
              22.10316,
              50.2088739,
              0
            ],
            [
              22.1044015,
              50.2089062,
              0
            ],
            [
              22.1043479,
              50.2062488,
              0
            ],
            [
              22.1111004,
              50.2066607,
              0
            ],
            [
              22.1167437,
              50.2102449,
              0
            ],
            [
              22.117881,
              50.2156689,
              0
            ],
            [
              22.1080748,
              50.2160533,
              0
            ]
          ]
        ]
      }
    },
    {
      "type": "Feature",
      "id": "196",
      "properties": {
        "id": "196",
        "name": "196 Trzebuska Majdan",
        "number": "196",
        "color": "#1a237e"
      },
      "geometry": {
        "type": "Polygon",
        "coordinates": [
          [
            [
              22.1032029,
              50.2089014,
              0
            ],
            [
              22.1031653,
              50.209667,
              0
            ],
            [
              22.1037447,
              50.2096533,
              0
            ],
            [
              22.1037125,
              50.2106249,
              0
            ],
            [
              22.095282,
              50.2106502,
              0
            ],
            [
              22.083255,
              50.2092633,
              0
            ],
            [
              22.0763241,
              50.2075741,
              0
            ],
            [
              22.0680629,
              50.2077252,
              0
            ],
            [
              22.0677527,
              50.2061341,
              0
            ],
            [
              22.0669803,
              50.2034972,
              0
            ],
            [
              22.0702848,
              50.2029821,
              0
            ],
            [
              22.0702418,
              50.2017803,
              0
            ],
            [
              22.075616,
              50.2016136,
              0
            ],
            [
              22.0869457,
              50.2048412,
              0
            ],
            [
              22.0897781,
              50.2047587,
              0
            ],
            [
              22.0920741,
              50.206242,
              0
            ],
            [
              22.1043908,
              50.2062763,
              0
            ],
            [
              22.1044444,
              50.2089337,
              0
            ],
            [
              22.1032029,
              50.2089014,
              0
            ]
          ]
        ]
      }
    },
    {
      "type": "Feature",
      "id": "197",
      "properties": {
        "id": "197",
        "name": "197 Trzebuska Podlas",
        "number": "197",
        "color": "#a52714"
      },
      "geometry": {
        "type": "Polygon",
        "coordinates": [
          [
            [
              22.0702848,
              50.2029821,
              0
            ],
            [
              22.0669803,
              50.2034972,
              0
            ],
            [
              22.0677527,
              50.2061341,
              0
            ],
            [
              22.0550069,
              50.2105698,
              0
            ],
            [
              22.0524749,
              50.2100891,
              0
            ],
            [
              22.049621,
              50.2090455,
              0
            ],
            [
              22.0481404,
              50.2079743,
              0
            ],
            [
              22.0514235,
              50.2073151,
              0
            ],
            [
              22.0672807,
              50.2021237,
              0
            ],
            [
              22.0702418,
              50.2017803,
              0
            ],
            [
              22.0702848,
              50.2029821,
              0
            ]
          ]
        ]
      }
    },
    {
      "type": "Feature",
      "id": "198",
      "properties": {
        "id": "198",
        "name": "198 Przewrotne Wschód",
        "number": "198",
        "color": "#0f9d58"
      },
      "geometry": {
        "type": "Polygon",
        "coordinates": [
          [
            [
              21.9902797,
              50.2253333,
              0
            ],
            [
              21.980731,
              50.2163818,
              0
            ],
            [
              21.9840073,
              50.2108517,
              0
            ],
            [
              21.9839214,
              50.2092587,
              0
            ],
            [
              21.9789112,
              50.2093407,
              0
            ],
            [
              21.9783104,
              50.1990539,
              0
            ],
            [
              21.9712294,
              50.1992737,
              0
            ],
            [
              21.971165,
              50.1981611,
              0
            ],
            [
              21.9790217,
              50.1979452,
              0
            ],
            [
              21.9864246,
              50.1978078,
              0
            ],
            [
              21.9938704,
              50.1978353,
              0
            ],
            [
              21.9939133,
              50.2002115,
              0
            ],
            [
              21.991038,
              50.2004175,
              0
            ],
            [
              21.9913738,
              50.2161189,
              0
            ],
            [
              21.996824,
              50.2211578,
              0
            ],
            [
              21.9950216,
              50.2220364,
              0
            ],
            [
              21.9980256,
              50.2244252,
              0
            ],
            [
              21.9926183,
              50.2271159,
              0
            ],
            [
              21.9920175,
              50.2266217,
              0
            ],
            [
              21.9902797,
              50.2253333,
              0
            ]
          ]
        ]
      }
    },
    {
      "type": "Feature",
      "id": "199",
      "properties": {
        "id": "199",
        "name": "199 Przewrotne Południe",
        "number": "199",
        "color": "#1a237e"
      },
      "geometry": {
        "type": "Polygon",
        "coordinates": [
          [
            [
              21.9508386,
              50.2148445,
              0
            ],
            [
              21.9491609,
              50.211918,
              0
            ],
            [
              21.9483017,
              50.2098767,
              0
            ],
            [
              21.9839214,
              50.2092587,
              0
            ],
            [
              21.9840073,
              50.2108517,
              0
            ],
            [
              21.9807417,
              50.2163681,
              0
            ],
            [
              21.9755704,
              50.2164436,
              0
            ],
            [
              21.9743186,
              50.213516,
              0
            ],
            [
              21.9647861,
              50.2136773,
              0
            ],
            [
              21.9647968,
              50.2140481,
              0
            ],
            [
              21.9545294,
              50.2141064,
              0
            ],
            [
              21.9544543,
              50.2139656,
              0
            ],
            [
              21.9508386,
              50.2148445,
              0
            ]
          ]
        ]
      }
    },
    {
      "type": "Feature",
      "id": "200",
      "properties": {
        "id": "200",
        "name": "200 Przewrotne Północ",
        "number": "200",
        "color": "#ffd600"
      },
      "geometry": {
        "type": "Polygon",
        "coordinates": [
          [
            [
              21.9505401,
              50.2197731,
              0
            ],
            [
              21.9526693,
              50.2190168,
              0
            ],
            [
              21.950781,
              50.2167376,
              0
            ],
            [
              21.9519827,
              50.2161197,
              0
            ],
            [
              21.9508279,
              50.2148582,
              0
            ],
            [
              21.9544543,
              50.2139656,
              0
            ],
            [
              21.9545294,
              50.2141064,
              0
            ],
            [
              21.9647861,
              50.2140618,
              0
            ],
            [
              21.9647754,
              50.213691,
              0
            ],
            [
              21.9743079,
              50.2135297,
              0
            ],
            [
              21.9755597,
              50.2164574,
              0
            ],
            [
              21.980731,
              50.2163818,
              0
            ],
            [
              21.9902797,
              50.2253333,
              0
            ],
            [
              21.9874633,
              50.2264727,
              0
            ],
            [
              21.9821687,
              50.2216128,
              0
            ],
            [
              21.9696374,
              50.2206518,
              0
            ],
            [
              21.9674487,
              50.2183727,
              0
            ],
            [
              21.9574065,
              50.2172468,
              0
            ],
            [
              21.9606252,
              50.2215305,
              0
            ],
            [
              21.9539733,
              50.223782,
              0
            ],
            [
              21.9505401,
              50.2197731,
              0
            ]
          ]
        ]
      }
    },
    {
      "type": "Feature",
      "id": "201",
      "properties": {
        "id": "201",
        "name": "201 Przewrotne Zachód",
        "number": "201",
        "color": "#a52714"
      },
      "geometry": {
        "type": "Polygon",
        "coordinates": [
          [
            [
              21.9491609,
              50.211918,
              0
            ],
            [
              21.950148,
              50.2135933,
              0
            ],
            [
              21.9506844,
              50.2146368,
              0
            ],
            [
              21.9519934,
              50.216106,
              0
            ],
            [
              21.9507917,
              50.2167239,
              0
            ],
            [
              21.95268,
              50.2190031,
              0
            ],
            [
              21.9460281,
              50.2213508,
              0
            ],
            [
              21.9358142,
              50.2328132,
              0
            ],
            [
              21.9373621,
              50.2369336,
              0
            ],
            [
              21.9319976,
              50.2382237,
              0
            ],
            [
              21.9304312,
              50.234916,
              0
            ],
            [
              21.9343794,
              50.2250741,
              0
            ],
            [
              21.9392396,
              50.2199878,
              0
            ],
            [
              21.9336821,
              50.2138022,
              0
            ],
            [
              21.9491609,
              50.211918,
              0
            ]
          ]
        ]
      }
    },
    {
      "type": "Feature",
      "id": "202",
      "properties": {
        "id": "202",
        "name": "202 Pogwizdów Stary Zachód",
        "number": "202",
        "color": "#ffd600"
      },
      "geometry": {
        "type": "Polygon",
        "coordinates": [
          [
            [
              21.9590196,
              50.2431236,
              0
            ],
            [
              21.9414061,
              50.2431983,
              0
            ],
            [
              21.9412773,
              50.2374344,
              0
            ],
            [
              21.9589585,
              50.2371873,
              0
            ],
            [
              21.9590196,
              50.2431236,
              0
            ]
          ]
        ]
      }
    },
    {
      "type": "Feature",
      "id": "203",
      "properties": {
        "id": "203",
        "name": "203 Pogwizdów Stary Wschód",
        "number": "203",
        "color": "#a52714"
      },
      "geometry": {
        "type": "Polygon",
        "coordinates": [
          [
            [
              21.9590143,
              50.2385811,
              0
            ],
            [
              21.9839427,
              50.2385262,
              0
            ],
            [
              21.9842002,
              50.2427805,
              0
            ],
            [
              21.9590196,
              50.2431236,
              0
            ],
            [
              21.9590143,
              50.2385811,
              0
            ]
          ]
        ]
      }
    },
    {
      "type": "Feature",
      "id": "204",
      "properties": {
        "id": "204",
        "name": "204 Hucisko",
        "number": "204",
        "color": "#1a237e"
      },
      "geometry": {
        "type": "Polygon",
        "coordinates": [
          [
            [
              22.0197828,
              50.2155222,
              0
            ],
            [
              22.0314987,
              50.2150279,
              0
            ],
            [
              22.0315846,
              50.2169914,
              0
            ],
            [
              22.0372708,
              50.217829,
              0
            ],
            [
              22.0376289,
              50.2203014,
              0
            ],
            [
              22.027373,
              50.2200818,
              0
            ],
            [
              22.0272442,
              50.224173,
              0
            ],
            [
              22.0298835,
              50.2242142,
              0
            ],
            [
              22.0311326,
              50.2256782,
              0
            ],
            [
              22.0285422,
              50.2283871,
              0
            ],
            [
              22.0265467,
              50.2283185,
              0
            ],
            [
              22.0249803,
              50.2298147,
              0
            ],
            [
              22.0207746,
              50.2290735,
              0
            ],
            [
              22.0183713,
              50.231956,
              0
            ],
            [
              22.0100028,
              50.2315443,
              0
            ],
            [
              21.9889743,
              50.2311736,
              0
            ],
            [
              21.9888455,
              50.2295265,
              0
            ],
            [
              21.9925363,
              50.2291833,
              0
            ],
            [
              21.9927079,
              50.2301442,
              0
            ],
            [
              22.0106895,
              50.2301991,
              0
            ],
            [
              22.0107576,
              50.2264347,
              0
            ],
            [
              22.0197828,
              50.2155222,
              0
            ]
          ]
        ]
      }
    },
    {
      "type": "Feature",
      "id": "205",
      "properties": {
        "id": "205",
        "name": "205 Sokołów Małopolski Południe",
        "number": "205",
        "color": "#ffd600"
      },
      "geometry": {
        "type": "Polygon",
        "coordinates": [
          [
            [
              22.1188709,
              50.2276265,
              0
            ],
            [
              22.1186397,
              50.2271639,
              0
            ],
            [
              22.1166334,
              50.2260451,
              0
            ],
            [
              22.1143911,
              50.2256676,
              0
            ],
            [
              22.1094144,
              50.218767,
              0
            ],
            [
              22.1079734,
              50.2161049,
              0
            ],
            [
              22.111471,
              50.2160088,
              0
            ],
            [
              22.113252,
              50.2183979,
              0
            ],
            [
              22.1119002,
              50.2189883,
              0
            ],
            [
              22.1142176,
              50.2227638,
              0
            ],
            [
              22.1171573,
              50.2238896,
              0
            ],
            [
              22.1246889,
              50.2222147,
              0
            ],
            [
              22.125558,
              50.2236081,
              0
            ],
            [
              22.1249625,
              50.2242019,
              0
            ],
            [
              22.1219716,
              50.2263979,
              0
            ],
            [
              22.1207699,
              50.2269813,
              0
            ],
            [
              22.1188709,
              50.2276265,
              0
            ]
          ]
        ]
      }
    },
    {
      "type": "Feature",
      "id": "206",
      "properties": {
        "id": "206",
        "name": "206 Sokołów Małopolski Zachód",
        "number": "206",
        "color": "#0f9d58"
      },
      "geometry": {
        "type": "Polygon",
        "coordinates": [
          [
            [
              22.1196526,
              50.2290035,
              0
            ],
            [
              22.1177069,
              50.2295072,
              0
            ],
            [
              22.1168486,
              50.2284845,
              0
            ],
            [
              22.1157757,
              50.2286904,
              0
            ],
            [
              22.1156684,
              50.2276678,
              0
            ],
            [
              22.1150569,
              50.2279972,
              0
            ],
            [
              22.1141449,
              50.2287797,
              0
            ],
            [
              22.1114949,
              50.2291022,
              0
            ],
            [
              22.1091238,
              50.2290611,
              0
            ],
            [
              22.108287,
              50.2287453,
              0
            ],
            [
              22.1062279,
              50.2288711,
              0
            ],
            [
              22.1033633,
              50.228727,
              0
            ],
            [
              22.1013677,
              50.2272582,
              0
            ],
            [
              22.0952952,
              50.2209294,
              0
            ],
            [
              22.1094144,
              50.218767,
              0
            ],
            [
              22.1115373,
              50.2218168,
              0
            ],
            [
              22.1143911,
              50.2256676,
              0
            ],
            [
              22.1166334,
              50.2260451,
              0
            ],
            [
              22.1186397,
              50.2271639,
              0
            ],
            [
              22.1196526,
              50.2290035,
              0
            ]
          ]
        ]
      }
    },
    {
      "type": "Feature",
      "id": "207",
      "properties": {
        "id": "207",
        "name": "207 Sokołów Małopolski Podstawskiego",
        "number": "207",
        "color": "#1a237e"
      },
      "geometry": {
        "type": "Polygon",
        "coordinates": [
          [
            [
              22.1143873,
              50.2325167,
              0
            ],
            [
              22.1127072,
              50.2303376,
              0
            ],
            [
              22.1095162,
              50.2315258,
              0
            ],
            [
              22.108244,
              50.230269,
              0
            ],
            [
              22.1009699,
              50.2329868,
              0
            ],
            [
              22.0998541,
              50.2321358,
              0
            ],
            [
              22.1032873,
              50.2306808,
              0
            ],
            [
              22.1032229,
              50.2287453,
              0
            ],
            [
              22.1061305,
              50.2289169,
              0
            ],
            [
              22.108287,
              50.2287453,
              0
            ],
            [
              22.1091238,
              50.2290611,
              0
            ],
            [
              22.1114949,
              50.2291022,
              0
            ],
            [
              22.1141449,
              50.2287797,
              0
            ],
            [
              22.1150569,
              50.2279972,
              0
            ],
            [
              22.1156684,
              50.2276678,
              0
            ],
            [
              22.1157757,
              50.2286904,
              0
            ],
            [
              22.1168486,
              50.2284845,
              0
            ],
            [
              22.1177069,
              50.2295072,
              0
            ],
            [
              22.1156791,
              50.2300288,
              0
            ],
            [
              22.1165589,
              50.2314666,
              0
            ],
            [
              22.1172509,
              50.2321221,
              0
            ],
            [
              22.1154431,
              50.2322628,
              0
            ],
            [
              22.1143873,
              50.2325167,
              0
            ]
          ]
        ]
      }
    },
    {
      "type": "Feature",
      "id": "208",
      "properties": {
        "id": "208",
        "name": "208 Sokołów Małopolski Plac Targowy",
        "number": "208",
        "color": "#1a237e"
      },
      "geometry": {
        "type": "Polygon",
        "coordinates": [
          [
            [
              22.1196662,
              50.2289462,
              0
            ],
            [
              22.1188709,
              50.2276402,
              0
            ],
            [
              22.1207699,
              50.226995,
              0
            ],
            [
              22.1219716,
              50.2264116,
              0
            ],
            [
              22.1249327,
              50.2242425,
              0
            ],
            [
              22.1286235,
              50.2207966,
              0
            ],
            [
              22.1301952,
              50.2222003,
              0
            ],
            [
              22.1299216,
              50.2271185,
              0
            ],
            [
              22.1287857,
              50.2272578,
              0
            ],
            [
              22.1257172,
              50.2280059,
              0
            ],
            [
              22.1234951,
              50.2283746,
              0
            ],
            [
              22.1223699,
              50.228857,
              0
            ],
            [
              22.1209429,
              50.2292414,
              0
            ],
            [
              22.1205352,
              50.2286854,
              0
            ],
            [
              22.1196662,
              50.2289462,
              0
            ]
          ]
        ]
      }
    },
    {
      "type": "Feature",
      "id": "209",
      "properties": {
        "id": "209",
        "name": "209 Sokołów Małopolski Prusa",
        "number": "209",
        "color": "#a52714"
      },
      "geometry": {
        "type": "Polygon",
        "coordinates": [
          [
            [
              22.1196662,
              50.2289325,
              0
            ],
            [
              22.1205352,
              50.2286717,
              0
            ],
            [
              22.1209429,
              50.2292277,
              0
            ],
            [
              22.1223699,
              50.2288433,
              0
            ],
            [
              22.1234857,
              50.228404,
              0
            ],
            [
              22.1257172,
              50.2279922,
              0
            ],
            [
              22.1287857,
              50.2272441,
              0
            ],
            [
              22.1303521,
              50.228706,
              0
            ],
            [
              22.1340214,
              50.2283423,
              0
            ],
            [
              22.1348368,
              50.2293443,
              0
            ],
            [
              22.1286966,
              50.2294779,
              0
            ],
            [
              22.1254458,
              50.2310564,
              0
            ],
            [
              22.1243622,
              50.2318114,
              0
            ],
            [
              22.123461,
              50.2321889,
              0
            ],
            [
              22.1229782,
              50.2318457,
              0
            ],
            [
              22.1215974,
              50.2324328,
              0
            ],
            [
              22.1209075,
              50.2326624,
              0
            ],
            [
              22.120468,
              50.2319822,
              0
            ],
            [
              22.1203607,
              50.2305958,
              0
            ],
            [
              22.1196662,
              50.2289325,
              0
            ]
          ]
        ]
      }
    },
    {
      "type": "Feature",
      "id": "210",
      "properties": {
        "id": "210",
        "name": "210 Sokołów Małopolski Centrum",
        "number": "210",
        "color": "#ffd600"
      },
      "geometry": {
        "type": "Polygon",
        "coordinates": [
          [
            [
              22.1186144,
              50.234555,
              0
            ],
            [
              22.1178931,
              50.2332313,
              0
            ],
            [
              22.1177454,
              50.2325305,
              0
            ],
            [
              22.1164983,
              50.2313782,
              0
            ],
            [
              22.1156791,
              50.2300288,
              0
            ],
            [
              22.1196526,
              50.2290035,
              0
            ],
            [
              22.1203607,
              50.2305958,
              0
            ],
            [
              22.120468,
              50.2319822,
              0
            ],
            [
              22.1216295,
              50.2338433,
              0
            ],
            [
              22.1186144,
              50.234555,
              0
            ]
          ]
        ]
      }
    },
    {
      "type": "Feature",
      "id": "211",
      "properties": {
        "id": "211",
        "name": "211 Sokołów Małopolski Niepodległości",
        "number": "211",
        "color": "#0f9d58"
      },
      "geometry": {
        "type": "Polygon",
        "coordinates": [
          [
            [
              22.1143873,
              50.2325167,
              0
            ],
            [
              22.115428,
              50.2322834,
              0
            ],
            [
              22.1172948,
              50.2321324,
              0
            ],
            [
              22.1177454,
              50.2325305,
              0
            ],
            [
              22.1179385,
              50.2333609,
              0
            ],
            [
              22.1186144,
              50.234555,
              0
            ],
            [
              22.1156428,
              50.235257,
              0
            ],
            [
              22.1147036,
              50.2336224,
              0
            ],
            [
              22.1143873,
              50.2325167,
              0
            ]
          ]
        ]
      }
    },
    {
      "type": "Feature",
      "id": "212",
      "properties": {
        "id": "212",
        "name": "212 Sokołów Małopolski Stadion",
        "number": "212",
        "color": "#a52714"
      },
      "geometry": {
        "type": "Polygon",
        "coordinates": [
          [
            [
              22.1156428,
              50.235257,
              0
            ],
            [
              22.1157715,
              50.2355246,
              0
            ],
            [
              22.1127993,
              50.2364532,
              0
            ],
            [
              22.1095162,
              50.2315258,
              0
            ],
            [
              22.1126115,
              50.2304242,
              0
            ],
            [
              22.1143174,
              50.2324283,
              0
            ],
            [
              22.1147036,
              50.2336224,
              0
            ],
            [
              22.1156428,
              50.235257,
              0
            ]
          ]
        ]
      }
    },
    {
      "type": "Feature",
      "id": "213",
      "properties": {
        "id": "213",
        "name": "213 Sokołów Małopolski Tysiąclecia",
        "number": "213",
        "color": "#0f9d58"
      },
      "geometry": {
        "type": "Polygon",
        "coordinates": [
          [
            [
              22.1209075,
              50.2326624,
              0
            ],
            [
              22.121798,
              50.2323604,
              0
            ],
            [
              22.1229782,
              50.2318457,
              0
            ],
            [
              22.123461,
              50.2321889,
              0
            ],
            [
              22.1243622,
              50.2318114,
              0
            ],
            [
              22.1254458,
              50.2310564,
              0
            ],
            [
              22.1286966,
              50.2294779,
              0
            ],
            [
              22.1341576,
              50.2293818,
              0
            ],
            [
              22.1367111,
              50.2293063,
              0
            ],
            [
              22.1380844,
              50.2309466,
              0
            ],
            [
              22.1276881,
              50.2342203,
              0
            ],
            [
              22.1262143,
              50.2323358,
              0
            ],
            [
              22.1217082,
              50.2339143,
              0
            ],
            [
              22.1209075,
              50.2326624,
              0
            ]
          ]
        ]
      }
    },
    {
      "type": "Feature",
      "id": "214",
      "properties": {
        "id": "214",
        "name": "214 Sokołów Małopolski Północ",
        "number": "214",
        "color": "#a52714"
      },
      "geometry": {
        "type": "Polygon",
        "coordinates": [
          [
            [
              22.1284566,
              50.2428076,
              0
            ],
            [
              22.1231315,
              50.2359776,
              0
            ],
            [
              22.1217082,
              50.2339143,
              0
            ],
            [
              22.1262143,
              50.2323358,
              0
            ],
            [
              22.1291862,
              50.2361858,
              0
            ],
            [
              22.1272335,
              50.2368995,
              0
            ],
            [
              22.1310959,
              50.2420734,
              0
            ],
            [
              22.1284566,
              50.2428076,
              0
            ]
          ]
        ]
      }
    },
    {
      "type": "Feature",
      "id": "215",
      "properties": {
        "id": "215",
        "name": "215 Sokołów Małopolski Pileckich 1",
        "number": "215",
        "color": "#0f9d58"
      },
      "geometry": {
        "type": "Polygon",
        "coordinates": [
          [
            [
              22.1221083,
              50.2376049,
              0
            ],
            [
              22.1213411,
              50.2365756,
              0
            ],
            [
              22.1231315,
              50.2359776,
              0
            ],
            [
              22.1244289,
              50.2376194,
              0
            ],
            [
              22.1234258,
              50.2379316,
              0
            ],
            [
              22.1229076,
              50.2373167,
              0
            ],
            [
              22.1221083,
              50.2376049,
              0
            ]
          ]
        ]
      }
    },
    {
      "type": "Feature",
      "id": "216",
      "properties": {
        "id": "216",
        "name": "216 Sokołów Małopolski Pileckich 2",
        "number": "216",
        "color": "#000000"
      },
      "geometry": {
        "type": "Polygon",
        "coordinates": [
          [
            [
              22.1215504,
              50.2377833,
              0
            ],
            [
              22.1208101,
              50.2367506,
              0
            ],
            [
              22.1213411,
              50.2365756,
              0
            ],
            [
              22.1221083,
              50.2376049,
              0
            ],
            [
              22.1215504,
              50.2377833,
              0
            ]
          ]
        ]
      }
    },
    {
      "type": "Feature",
      "id": "217",
      "properties": {
        "id": "217",
        "name": "217 Sokołów Małopolski Pileckich 3",
        "number": "217",
        "color": "#ffd600"
      },
      "geometry": {
        "type": "Polygon",
        "coordinates": [
          [
            [
              22.1209817,
              50.2379549,
              0
            ],
            [
              22.1202873,
              50.2369245,
              0
            ],
            [
              22.1208101,
              50.2367506,
              0
            ],
            [
              22.1215504,
              50.2377833,
              0
            ],
            [
              22.1209817,
              50.2379549,
              0
            ]
          ]
        ]
      }
    },
    {
      "type": "Feature",
      "id": "218",
      "properties": {
        "id": "218",
        "name": "218 Sokołów Małopolski Pileckich 4",
        "number": "218",
        "color": "#a52714"
      },
      "geometry": {
        "type": "Polygon",
        "coordinates": [
          [
            [
              22.1211456,
              50.2382214,
              0
            ],
            [
              22.1196198,
              50.2386364,
              0
            ],
            [
              22.118629,
              50.2374069,
              0
            ],
            [
              22.119557,
              50.2371633,
              0
            ],
            [
              22.1202873,
              50.2369245,
              0
            ],
            [
              22.1211456,
              50.2382214,
              0
            ]
          ]
        ]
      }
    },
    {
      "type": "Feature",
      "id": "219",
      "properties": {
        "id": "219",
        "name": "219 Sokołów Małopolski Basen",
        "number": "219",
        "color": "#1a237e"
      },
      "geometry": {
        "type": "Polygon",
        "coordinates": [
          [
            [
              22.1157715,
              50.2355246,
              0
            ],
            [
              22.1156428,
              50.235257,
              0
            ],
            [
              22.1216295,
              50.2338433,
              0
            ],
            [
              22.1231315,
              50.2359776,
              0
            ],
            [
              22.119557,
              50.2371633,
              0
            ],
            [
              22.118629,
              50.2374069,
              0
            ],
            [
              22.1196198,
              50.2386364,
              0
            ],
            [
              22.1213364,
              50.2381835,
              0
            ],
            [
              22.1251344,
              50.2430554,
              0
            ],
            [
              22.1204995,
              50.2448531,
              0
            ],
            [
              22.118225,
              50.2416007,
              0
            ],
            [
              22.1168303,
              50.2379502,
              0
            ],
            [
              22.1161007,
              50.237415,
              0
            ],
            [
              22.1136653,
              50.2384511,
              0
            ],
            [
              22.1121525,
              50.2366601,
              0
            ],
            [
              22.1157715,
              50.2355246,
              0
            ]
          ]
        ]
      }
    },
    {
      "type": "Feature",
      "id": "220",
      "properties": {
        "id": "220",
        "name": "220 Turza Nowa",
        "number": "220",
        "color": "#ffd600"
      },
      "geometry": {
        "type": "Polygon",
        "coordinates": [
          [
            [
              22.1181246,
              50.2564003,
              0
            ],
            [
              22.1117303,
              50.2564003,
              0
            ],
            [
              22.0914313,
              50.2407031,
              0
            ],
            [
              22.0788142,
              50.2295377,
              0
            ],
            [
              22.0951456,
              50.2266087,
              0
            ],
            [
              22.0977634,
              50.2293816,
              0
            ],
            [
              22.0943302,
              50.2308092,
              0
            ],
            [
              22.1066469,
              50.2415969,
              0
            ],
            [
              22.1194786,
              50.2531231,
              0
            ],
            [
              22.1185355,
              50.2534788,
              0
            ],
            [
              22.1181246,
              50.2564003,
              0
            ]
          ]
        ]
      }
    },
    {
      "type": "Feature",
      "id": "221",
      "properties": {
        "id": "221",
        "name": "221 Turza Stara",
        "number": "221",
        "color": "#0f9d58"
      },
      "geometry": {
        "type": "Polygon",
        "coordinates": [
          [
            [
              22.1195752,
              50.2656636,
              0
            ],
            [
              22.1048884,
              50.2640419,
              0
            ],
            [
              22.105618,
              50.2604479,
              0
            ],
            [
              22.1161751,
              50.2607772,
              0
            ],
            [
              22.1180205,
              50.2576357,
              0
            ],
            [
              22.1185355,
              50.2534788,
              0
            ],
            [
              22.1219043,
              50.2521891,
              0
            ],
            [
              22.1291882,
              50.2553204,
              0
            ],
            [
              22.1254975,
              50.2562533,
              0
            ],
            [
              22.1195752,
              50.2656636,
              0
            ]
          ]
        ]
      }
    },
    {
      "type": "Feature",
      "id": "222",
      "properties": {
        "id": "222",
        "name": "222 Wólka Sokołowska Koniec",
        "number": "222",
        "color": "#1a237e"
      },
      "geometry": {
        "type": "Polygon",
        "coordinates": [
          [
            [
              22.1642183,
              50.2571287,
              0
            ],
            [
              22.160837,
              50.2601572,
              0
            ],
            [
              22.1564906,
              50.2628795,
              0
            ],
            [
              22.1507829,
              50.2624954,
              0
            ],
            [
              22.1477359,
              50.2650742,
              0
            ],
            [
              22.1437877,
              50.2629069,
              0
            ],
            [
              22.1477788,
              50.2585721,
              0
            ],
            [
              22.1536153,
              50.2598067,
              0
            ],
            [
              22.1599911,
              50.2561204,
              0
            ],
            [
              22.1631025,
              50.256381,
              0
            ],
            [
              22.1642183,
              50.2571287,
              0
            ]
          ]
        ]
      }
    },
    {
      "type": "Feature",
      "id": "223",
      "properties": {
        "id": "223",
        "name": "223 Wólka Sokołowska Południe",
        "number": "223",
        "color": "#ffd600"
      },
      "geometry": {
        "type": "Polygon",
        "coordinates": [
          [
            [
              22.1647386,
              50.2571939,
              0
            ],
            [
              22.1642183,
              50.2571287,
              0
            ],
            [
              22.1631025,
              50.256381,
              0
            ],
            [
              22.161461,
              50.256261,
              0
            ],
            [
              22.1599911,
              50.2561204,
              0
            ],
            [
              22.159519,
              50.2536097,
              0
            ],
            [
              22.1636389,
              50.2438813,
              0
            ],
            [
              22.1744321,
              50.2386664,
              0
            ],
            [
              22.1782945,
              50.2396546,
              0
            ],
            [
              22.1764062,
              50.2416033,
              0
            ],
            [
              22.1696256,
              50.2447459,
              0
            ],
            [
              22.1699046,
              50.2490819,
              0
            ],
            [
              22.1647976,
              50.2561889,
              0
            ],
            [
              22.1647386,
              50.2571939,
              0
            ]
          ]
        ]
      }
    },
    {
      "type": "Feature",
      "id": "224",
      "properties": {
        "id": "224",
        "name": "224 Wólka Niedźwiedzka Dołęga",
        "number": "224",
        "color": "#a52714"
      },
      "geometry": {
        "type": "Polygon",
        "coordinates": [
          [
            [
              22.1794659,
              50.2399474,
              0
            ],
            [
              22.1846372,
              50.2412305,
              0
            ],
            [
              22.1874267,
              50.2418344,
              0
            ],
            [
              22.1903664,
              50.2429322,
              0
            ],
            [
              22.1869547,
              50.2463971,
              0
            ],
            [
              22.1874911,
              50.2478379,
              0
            ],
            [
              22.1859032,
              50.2486886,
              0
            ],
            [
              22.1836931,
              50.2477007,
              0
            ],
            [
              22.172063,
              50.2520639,
              0
            ],
            [
              22.1676428,
              50.2561935,
              0
            ],
            [
              22.1678788,
              50.2594037,
              0
            ],
            [
              22.1646601,
              50.2592391,
              0
            ],
            [
              22.1628148,
              50.2584297,
              0
            ],
            [
              22.1642183,
              50.2571287,
              0
            ],
            [
              22.1647386,
              50.2571939,
              0
            ],
            [
              22.1647976,
              50.2561889,
              0
            ],
            [
              22.1699046,
              50.2490819,
              0
            ],
            [
              22.1820623,
              50.2437899,
              0
            ],
            [
              22.1832854,
              50.2424313,
              0
            ],
            [
              22.1786291,
              50.2411413,
              0
            ],
            [
              22.1794659,
              50.2399474,
              0
            ]
          ]
        ]
      }
    },
    {
      "type": "Feature",
      "id": "225",
      "properties": {
        "id": "225",
        "name": "225 Wólka Niedźwiedzka Podlas",
        "number": "225",
        "color": "#1a237e"
      },
      "geometry": {
        "type": "Polygon",
        "coordinates": [
          [
            [
              22.1794659,
              50.2399474,
              0
            ],
            [
              22.1757711,
              50.2390131,
              0
            ],
            [
              22.1774984,
              50.2381279,
              0
            ],
            [
              22.1808164,
              50.2380642,
              0
            ],
            [
              22.1874683,
              50.2375976,
              0
            ],
            [
              22.1914594,
              50.233535,
              0
            ],
            [
              22.1972244,
              50.2348522,
              0
            ],
            [
              22.1982329,
              50.2333287,
              0
            ],
            [
              22.2138612,
              50.2325193,
              0
            ],
            [
              22.2227447,
              50.237131,
              0
            ],
            [
              22.2189053,
              50.2403759,
              0
            ],
            [
              22.2163947,
              50.2387015,
              0
            ],
            [
              22.2080538,
              50.236784,
              0
            ],
            [
              22.1997993,
              50.2350306,
              0
            ],
            [
              22.1920229,
              50.2395284,
              0
            ],
            [
              22.1896518,
              50.2396794,
              0
            ],
            [
              22.1857894,
              50.2409625,
              0
            ],
            [
              22.1854783,
              50.2414291,
              0
            ],
            [
              22.1794659,
              50.2399474,
              0
            ]
          ]
        ]
      }
    },
    {
      "type": "Feature",
      "id": "226",
      "properties": {
        "id": "226",
        "name": "226 Wólka Niedźwiedzka Budy Wschód",
        "number": "226",
        "color": "#0f9d58"
      },
      "geometry": {
        "type": "Polygon",
        "coordinates": [
          [
            [
              22.1886099,
              50.2422465,
              0
            ],
            [
              22.1873988,
              50.2417928,
              0
            ],
            [
              22.1854783,
              50.2414291,
              0
            ],
            [
              22.1857894,
              50.2409625,
              0
            ],
            [
              22.1869052,
              50.2406126,
              0
            ],
            [
              22.1896518,
              50.2396794,
              0
            ],
            [
              22.1920229,
              50.2395284,
              0
            ],
            [
              22.1936215,
              50.2385609,
              0
            ],
            [
              22.1957463,
              50.237369,
              0
            ],
            [
              22.1997993,
              50.2350306,
              0
            ],
            [
              22.2053057,
              50.2361337,
              0
            ],
            [
              22.2163947,
              50.2387015,
              0
            ],
            [
              22.2189053,
              50.2403759,
              0
            ],
            [
              22.2242481,
              50.2432577,
              0
            ],
            [
              22.2292479,
              50.2401014,
              0
            ],
            [
              22.2348484,
              50.2444104,
              0
            ],
            [
              22.2334322,
              50.249954,
              0
            ],
            [
              22.2321923,
              50.2501156,
              0
            ],
            [
              22.2285873,
              50.2497881,
              0
            ],
            [
              22.2272981,
              50.2491898,
              0
            ],
            [
              22.2269118,
              50.2486684,
              0
            ],
            [
              22.2253884,
              50.2478863,
              0
            ],
            [
              22.2247446,
              50.2469121,
              0
            ],
            [
              22.2228134,
              50.2455811,
              0
            ],
            [
              22.2213329,
              50.2452106,
              0
            ],
            [
              22.2189725,
              50.243262,
              0
            ],
            [
              22.2157539,
              50.2417799,
              0
            ],
            [
              22.2150028,
              50.2416975,
              0
            ],
            [
              22.212385,
              50.2407643,
              0
            ],
            [
              22.2075356,
              50.2387195,
              0
            ],
            [
              22.2059906,
              50.2382254,
              0
            ],
            [
              22.2047675,
              50.2382391,
              0
            ],
            [
              22.2029007,
              50.2378,
              0
            ],
            [
              22.201506,
              50.2380607,
              0
            ],
            [
              22.1994246,
              50.2392685,
              0
            ],
            [
              22.197429,
              50.2401879,
              0
            ],
            [
              22.1954764,
              50.2391312,
              0
            ],
            [
              22.1923131,
              50.2407554,
              0
            ],
            [
              22.1889103,
              50.2413682,
              0
            ],
            [
              22.1886099,
              50.2422465,
              0
            ]
          ]
        ]
      }
    },
    {
      "type": "Feature",
      "id": "227",
      "properties": {
        "id": "227",
        "name": "227 Wólka Niedźwiedzka Budy Zachód",
        "number": "227",
        "color": "#ffd600"
      },
      "geometry": {
        "type": "Polygon",
        "coordinates": [
          [
            [
              22.1886313,
              50.2422602,
              0
            ],
            [
              22.1889317,
              50.2413819,
              0
            ],
            [
              22.1923006,
              50.240778,
              0
            ],
            [
              22.194382,
              50.2397488,
              0
            ],
            [
              22.1954978,
              50.2391449,
              0
            ],
            [
              22.1974504,
              50.2402016,
              0
            ],
            [
              22.199446,
              50.2392822,
              0
            ],
            [
              22.2015274,
              50.2380744,
              0
            ],
            [
              22.2029221,
              50.2378137,
              0
            ],
            [
              22.204789,
              50.2382528,
              0
            ],
            [
              22.2060121,
              50.2382391,
              0
            ],
            [
              22.2075571,
              50.2387332,
              0
            ],
            [
              22.2124064,
              50.240778,
              0
            ],
            [
              22.2150242,
              50.2417112,
              0
            ],
            [
              22.2157753,
              50.2417936,
              0
            ],
            [
              22.2189939,
              50.2432757,
              0
            ],
            [
              22.2213543,
              50.2452243,
              0
            ],
            [
              22.2228348,
              50.2455948,
              0
            ],
            [
              22.2238648,
              50.2463632,
              0
            ],
            [
              22.224766,
              50.2469258,
              0
            ],
            [
              22.2254098,
              50.2479,
              0
            ],
            [
              22.2269332,
              50.2486821,
              0
            ],
            [
              22.2273195,
              50.2492035,
              0
            ],
            [
              22.2284693,
              50.2498274,
              0
            ],
            [
              22.2322137,
              50.2501293,
              0
            ],
            [
              22.2334536,
              50.2499677,
              0
            ],
            [
              22.2369404,
              50.2522765,
              0
            ],
            [
              22.2349072,
              50.2530002,
              0
            ],
            [
              22.224908,
              50.2514224,
              0
            ],
            [
              22.2238136,
              50.2542762,
              0
            ],
            [
              22.2184063,
              50.2535765,
              0
            ],
            [
              22.219844,
              50.2486508,
              0
            ],
            [
              22.1968199,
              50.2451929,
              0
            ],
            [
              22.1886313,
              50.2422602,
              0
            ]
          ]
        ]
      }
    },
    {
      "type": "Feature",
      "id": "228",
      "properties": {
        "id": "228",
        "name": "228 Górno Zaborze",
        "number": "228",
        "color": "#0f9d58"
      },
      "geometry": {
        "type": "Polygon",
        "coordinates": [
          [
            [
              22.1928571,
              50.249944,
              0
            ],
            [
              22.1927928,
              50.2500812,
              0
            ],
            [
              22.1912478,
              50.2518923,
              0
            ],
            [
              22.1882223,
              50.253964,
              0
            ],
            [
              22.1878146,
              50.2629907,
              0
            ],
            [
              22.1916984,
              50.2658712,
              0
            ],
            [
              22.1923422,
              50.2694511,
              0
            ],
            [
              22.1972195,
              50.2741533,
              0
            ],
            [
              22.1966766,
              50.276843,
              0
            ],
            [
              22.1826004,
              50.2758419,
              0
            ],
            [
              22.182772,
              50.2732912,
              0
            ],
            [
              22.1757339,
              50.272962,
              0
            ],
            [
              22.1760451,
              50.2680795,
              0
            ],
            [
              22.1784054,
              50.2672086,
              0
            ],
            [
              22.1785107,
              50.2640437,
              0
            ],
            [
              22.1851197,
              50.2633853,
              0
            ],
            [
              22.1854201,
              50.2534532,
              0
            ],
            [
              22.1913853,
              50.24909,
              0
            ],
            [
              22.1928571,
              50.249944,
              0
            ]
          ]
        ]
      }
    },
    {
      "type": "Feature",
      "id": "229",
      "properties": {
        "id": "229",
        "name": "229 Górno Majdan",
        "number": "229",
        "color": "#ffd600"
      },
      "geometry": {
        "type": "Polygon",
        "coordinates": [
          [
            [
              22.1558566,
              50.2714352,
              0
            ],
            [
              22.1522421,
              50.2685983,
              0
            ],
            [
              22.1564906,
              50.2628795,
              0
            ],
            [
              22.1658028,
              50.2656013,
              0
            ],
            [
              22.1638716,
              50.2678508,
              0
            ],
            [
              22.1698154,
              50.2700178,
              0
            ],
            [
              22.1664213,
              50.2737522,
              0
            ],
            [
              22.1596783,
              50.2738688,
              0
            ],
            [
              22.1584284,
              50.2735602,
              0
            ],
            [
              22.157475,
              50.2731525,
              0
            ],
            [
              22.1558566,
              50.2714352,
              0
            ]
          ]
        ]
      }
    },
    {
      "type": "Feature",
      "id": "230",
      "properties": {
        "id": "230",
        "name": "230 Górno Rękaw",
        "number": "230",
        "color": "#a52714"
      },
      "geometry": {
        "type": "Polygon",
        "coordinates": [
          [
            [
              22.1368846,
              50.2812626,
              0
            ],
            [
              22.135572,
              50.2808176,
              0
            ],
            [
              22.1340485,
              50.2828469,
              0
            ],
            [
              22.1276946,
              50.2830797,
              0
            ],
            [
              22.1219439,
              50.2758121,
              0
            ],
            [
              22.1246905,
              50.2681594,
              0
            ],
            [
              22.1323294,
              50.2693115,
              0
            ],
            [
              22.128982,
              50.2776223,
              0
            ],
            [
              22.1435303,
              50.2806665,
              0
            ],
            [
              22.1473498,
              50.2779788,
              0
            ],
            [
              22.1488948,
              50.268516,
              0
            ],
            [
              22.1522421,
              50.2685983,
              0
            ],
            [
              22.1558566,
              50.2714352,
              0
            ],
            [
              22.1545262,
              50.2735609,
              0
            ],
            [
              22.152359,
              50.2759059,
              0
            ],
            [
              22.1486683,
              50.2808151,
              0
            ],
            [
              22.1467141,
              50.2814369,
              0
            ],
            [
              22.1441741,
              50.2830523,
              0
            ],
            [
              22.143236,
              50.2837573,
              0
            ],
            [
              22.1421203,
              50.2834153,
              0
            ],
            [
              22.1411547,
              50.2828257,
              0
            ],
            [
              22.139245,
              50.2824829,
              0
            ],
            [
              22.1368846,
              50.2812626,
              0
            ]
          ]
        ]
      }
    },
    {
      "type": "Feature",
      "id": "231",
      "properties": {
        "id": "231",
        "name": "231 Górno Szkoła",
        "number": "231",
        "color": "#000000"
      },
      "geometry": {
        "type": "Polygon",
        "coordinates": [
          [
            [
              22.1558566,
              50.2714352,
              0
            ],
            [
              22.1599979,
              50.2758785,
              0
            ],
            [
              22.1609635,
              50.2769619,
              0
            ],
            [
              22.148343,
              50.282818,
              0
            ],
            [
              22.1467141,
              50.2814369,
              0
            ],
            [
              22.1486683,
              50.2808151,
              0
            ],
            [
              22.152359,
              50.2759059,
              0
            ],
            [
              22.1545262,
              50.2735609,
              0
            ],
            [
              22.1558566,
              50.2714352,
              0
            ]
          ]
        ]
      }
    },
    {
      "type": "Feature",
      "id": "232",
      "properties": {
        "id": "232",
        "name": "232 Górno Sanatorium",
        "number": "232",
        "color": "#ffd600"
      },
      "geometry": {
        "type": "Polygon",
        "coordinates": [
          [
            [
              22.1368846,
              50.2812626,
              0
            ],
            [
              22.139245,
              50.2824829,
              0
            ],
            [
              22.1411547,
              50.2828257,
              0
            ],
            [
              22.1421203,
              50.2834153,
              0
            ],
            [
              22.143236,
              50.2837573,
              0
            ],
            [
              22.1409616,
              50.2859655,
              0
            ],
            [
              22.1367773,
              50.2884051,
              0
            ],
            [
              22.1350821,
              50.2886519,
              0
            ],
            [
              22.1340522,
              50.289118,
              0
            ],
            [
              22.1324857,
              50.2903656,
              0
            ],
            [
              22.1324606,
              50.2882626,
              0
            ],
            [
              22.1311732,
              50.2857537,
              0
            ],
            [
              22.1245427,
              50.2863981,
              0
            ],
            [
              22.1244784,
              50.2832583,
              0
            ],
            [
              22.1340485,
              50.2828469,
              0
            ],
            [
              22.135572,
              50.2808176,
              0
            ],
            [
              22.1368846,
              50.2812626,
              0
            ]
          ]
        ]
      }
    },
    {
      "type": "Feature",
      "id": "233",
      "properties": {
        "id": "233",
        "name": "233 Górno Wschód",
        "number": "233",
        "color": "#0f9d58"
      },
      "geometry": {
        "type": "Polygon",
        "coordinates": [
          [
            [
              22.1467141,
              50.2814369,
              0
            ],
            [
              22.148343,
              50.282818,
              0
            ],
            [
              22.1446952,
              50.2847033,
              0
            ],
            [
              22.1405753,
              50.2880212,
              0
            ],
            [
              22.1388372,
              50.2886656,
              0
            ],
            [
              22.1390732,
              50.2903107,
              0
            ],
            [
              22.1362408,
              50.2917502,
              0
            ],
            [
              22.1345671,
              50.295986,
              0
            ],
            [
              22.1327003,
              50.2965206,
              0
            ],
            [
              22.1334513,
              50.2920381,
              0
            ],
            [
              22.132357,
              50.2920381,
              0
            ],
            [
              22.1324857,
              50.2903656,
              0
            ],
            [
              22.1340522,
              50.289118,
              0
            ],
            [
              22.1350821,
              50.2886519,
              0
            ],
            [
              22.1367773,
              50.2884051,
              0
            ],
            [
              22.1397813,
              50.2867599,
              0
            ],
            [
              22.1408328,
              50.2860881,
              0
            ],
            [
              22.143236,
              50.2837573,
              0
            ],
            [
              22.1439871,
              50.2830854,
              0
            ],
            [
              22.1467141,
              50.2814369,
              0
            ]
          ]
        ]
      }
    },
    {
      "type": "Feature",
      "id": "234",
      "properties": {
        "id": "234",
        "name": "234 Łowisko Południe",
        "number": "234",
        "color": "#1a237e"
      },
      "geometry": {
        "type": "Polygon",
        "coordinates": [
          [
            [
              22.1848225,
              50.3017194,
              0
            ],
            [
              22.1799484,
              50.2983716,
              0
            ],
            [
              22.1967069,
              50.2959865,
              0
            ],
            [
              22.1994106,
              50.295445,
              0
            ],
            [
              22.2031227,
              50.2992351,
              0
            ],
            [
              22.2111264,
              50.2984127,
              0
            ],
            [
              22.2120097,
              50.2998648,
              0
            ],
            [
              22.210872,
              50.2999783,
              0
            ],
            [
              22.2085546,
              50.2998961,
              0
            ],
            [
              22.2066019,
              50.3000332,
              0
            ],
            [
              22.2040025,
              50.300784,
              0
            ],
            [
              22.2016851,
              50.3007291,
              0
            ],
            [
              22.1985307,
              50.2971105,
              0
            ],
            [
              22.1977101,
              50.2973813,
              0
            ],
            [
              22.1920076,
              50.2993311,
              0
            ],
            [
              22.1906129,
              50.2999616,
              0
            ],
            [
              22.1848225,
              50.3017194,
              0
            ]
          ]
        ]
      }
    },
    {
      "type": "Feature",
      "id": "235",
      "properties": {
        "id": "235",
        "name": "235 Łowisko Koniec",
        "number": "235",
        "color": "#0f9d58"
      },
      "geometry": {
        "type": "Polygon",
        "coordinates": [
          [
            [
              22.1848225,
              50.3017194,
              0
            ],
            [
              22.1906129,
              50.2999616,
              0
            ],
            [
              22.1920076,
              50.2993311,
              0
            ],
            [
              22.1985307,
              50.2971105,
              0
            ],
            [
              22.2016851,
              50.3007291,
              0
            ],
            [
              22.2040025,
              50.300784,
              0
            ],
            [
              22.2066019,
              50.3000332,
              0
            ],
            [
              22.2085546,
              50.2998961,
              0
            ],
            [
              22.210872,
              50.2999783,
              0
            ],
            [
              22.2120097,
              50.2998648,
              0
            ],
            [
              22.2102926,
              50.300883,
              0
            ],
            [
              22.2015808,
              50.3018013,
              0
            ],
            [
              22.1930729,
              50.3011571,
              0
            ],
            [
              22.1863673,
              50.3032061,
              0
            ],
            [
              22.1848225,
              50.3017194,
              0
            ]
          ]
        ]
      }
    },
    {
      "type": "Feature",
      "id": "236",
      "properties": {
        "id": "236",
        "name": "236 Łowisko Rakszawa",
        "number": "236",
        "color": "#a52714"
      },
      "geometry": {
        "type": "Polygon",
        "coordinates": [
          [
            [
              22.1563091,
              50.3024099,
              0
            ],
            [
              22.168776,
              50.3028759,
              0
            ],
            [
              22.1813072,
              50.2993671,
              0
            ],
            [
              22.1848225,
              50.3017194,
              0
            ],
            [
              22.1840967,
              50.3021221,
              0
            ],
            [
              22.1810712,
              50.3026155,
              0
            ],
            [
              22.1756639,
              50.3040408,
              0
            ],
            [
              22.1694412,
              50.3051373,
              0
            ],
            [
              22.1653427,
              50.3046987,
              0
            ],
            [
              22.1613945,
              50.3050276,
              0
            ],
            [
              22.1569957,
              50.3037804,
              0
            ],
            [
              22.1563091,
              50.3024099,
              0
            ]
          ]
        ]
      }
    },
    {
      "type": "Feature",
      "id": "237",
      "properties": {
        "id": "237",
        "name": "237 Łowisko Miasto",
        "number": "237",
        "color": "#ffd600"
      },
      "geometry": {
        "type": "Polygon",
        "coordinates": [
          [
            [
              22.1848225,
              50.3017194,
              0
            ],
            [
              22.1863673,
              50.3032061,
              0
            ],
            [
              22.1745663,
              50.3070344,
              0
            ],
            [
              22.1569281,
              50.306267,
              0
            ],
            [
              22.1436887,
              50.3070618,
              0
            ],
            [
              22.1421867,
              50.3063218,
              0
            ],
            [
              22.1416932,
              50.3045264,
              0
            ],
            [
              22.1565633,
              50.3030325,
              0
            ],
            [
              22.1569957,
              50.3037804,
              0
            ],
            [
              22.1613945,
              50.3050276,
              0
            ],
            [
              22.1653427,
              50.3046987,
              0
            ],
            [
              22.1694412,
              50.3051373,
              0
            ],
            [
              22.1757679,
              50.3040399,
              0
            ],
            [
              22.1810712,
              50.3026155,
              0
            ],
            [
              22.1840967,
              50.3021221,
              0
            ],
            [
              22.1848225,
              50.3017194,
              0
            ]
          ]
        ]
      }
    },
    {
      "type": "Feature",
      "id": "238",
      "properties": {
        "id": "238",
        "name": "238 Markowizna Duża",
        "number": "238",
        "color": "#1a237e"
      },
      "geometry": {
        "type": "Polygon",
        "coordinates": [
          [
            [
              22.1041233,
              50.2881327,
              0
            ],
            [
              22.1084792,
              50.2909225,
              0
            ],
            [
              22.1250874,
              50.2901274,
              0
            ],
            [
              22.1250016,
              50.2882629,
              0
            ],
            [
              22.1278769,
              50.2879339,
              0
            ],
            [
              22.1279198,
              50.2924854,
              0
            ],
            [
              22.112127,
              50.2927595,
              0
            ],
            [
              22.0952546,
              50.2978312,
              0
            ],
            [
              22.0929438,
              50.2985716,
              0
            ],
            [
              22.0823652,
              50.2924854,
              0
            ],
            [
              22.0820218,
              50.2876597,
              0
            ],
            [
              22.0870859,
              50.2873032,
              0
            ],
            [
              22.0927721,
              50.2898189,
              0
            ],
            [
              22.1041233,
              50.2881327,
              0
            ]
          ]
        ]
      }
    },
    {
      "type": "Feature",
      "id": "239",
      "properties": {
        "id": "239",
        "name": "239 Markowizna Mała",
        "number": "239",
        "color": "#000000"
      },
      "geometry": {
        "type": "Polygon",
        "coordinates": [
          [
            [
              22.1152497,
              50.2698624,
              0
            ],
            [
              22.1164108,
              50.2723385,
              0
            ],
            [
              22.1110249,
              50.2732848,
              0
            ],
            [
              22.1119476,
              50.279826,
              0
            ],
            [
              22.1069694,
              50.2804019,
              0
            ],
            [
              22.1075273,
              50.2829797,
              0
            ],
            [
              22.1002746,
              50.283391,
              0
            ],
            [
              22.099545,
              50.2793049,
              0
            ],
            [
              22.0971847,
              50.2780708,
              0
            ],
            [
              22.0966053,
              50.2756847,
              0
            ],
            [
              22.1030641,
              50.2751361,
              0
            ],
            [
              22.1028504,
              50.2711175,
              0
            ],
            [
              22.1074575,
              50.2708322,
              0
            ],
            [
              22.1071141,
              50.2683635,
              0
            ],
            [
              22.114045,
              50.2674994,
              0
            ],
            [
              22.1152497,
              50.2698624,
              0
            ]
          ]
        ]
      }
    },
    {
      "type": "Feature",
      "id": "240",
      "properties": {
        "id": "240",
        "name": "240 Mazury Mokrzyszów",
        "number": "240",
        "color": "#a52714"
      },
      "geometry": {
        "type": "Polygon",
        "coordinates": [
          [
            [
              22.0627299,
              50.2656189,
              0
            ],
            [
              22.0630088,
              50.2636437,
              0
            ],
            [
              22.0643607,
              50.263534,
              0
            ],
            [
              22.0642105,
              50.2610649,
              0
            ],
            [
              22.0802491,
              50.2603277,
              0
            ],
            [
              22.0919436,
              50.2628105,
              0
            ],
            [
              22.0984881,
              50.2690789,
              0
            ],
            [
              22.097587,
              50.2723979,
              0
            ],
            [
              22.0968788,
              50.2751407,
              0
            ],
            [
              22.0913427,
              50.2774308,
              0
            ],
            [
              22.0890253,
              50.2753601,
              0
            ],
            [
              22.0938318,
              50.2733167,
              0
            ],
            [
              22.0886605,
              50.2696823,
              0
            ],
            [
              22.0776053,
              50.2666796,
              0
            ],
            [
              22.0627137,
              50.2668442,
              0
            ],
            [
              22.0627299,
              50.2656189,
              0
            ]
          ]
        ]
      }
    },
    {
      "type": "Feature",
      "id": "241",
      "properties": {
        "id": "241",
        "name": "241 Mazury Początek",
        "number": "241",
        "color": "#1a237e"
      },
      "geometry": {
        "type": "Polygon",
        "coordinates": [
          [
            [
              22.0393214,
              50.2619794,
              0
            ],
            [
              22.0420018,
              50.2564418,
              0
            ],
            [
              22.0642105,
              50.2610649,
              0
            ],
            [
              22.0643607,
              50.263534,
              0
            ],
            [
              22.0630088,
              50.2636437,
              0
            ],
            [
              22.0627299,
              50.2656189,
              0
            ],
            [
              22.0530739,
              50.2648234,
              0
            ],
            [
              22.0393214,
              50.2619794,
              0
            ]
          ]
        ]
      }
    },
    {
      "type": "Feature",
      "id": "242",
      "properties": {
        "id": "242",
        "name": "242 Zielonka Zmysłów",
        "number": "242",
        "color": "#0f9d58"
      },
      "geometry": {
        "type": "Polygon",
        "coordinates": [
          [
            [
              22.0167082,
              50.2594485,
              0
            ],
            [
              22.0184204,
              50.2596036,
              0
            ],
            [
              22.0293853,
              50.2582695,
              0
            ],
            [
              22.0321533,
              50.2572681,
              0
            ],
            [
              22.0412514,
              50.2512314,
              0
            ],
            [
              22.0449636,
              50.2497496,
              0
            ],
            [
              22.042217,
              50.2469093,
              0
            ],
            [
              22.0478389,
              50.2448784,
              0
            ],
            [
              22.0522484,
              50.2494272,
              0
            ],
            [
              22.0465299,
              50.2512589,
              0
            ],
            [
              22.045264,
              50.2499691,
              0
            ],
            [
              22.0416162,
              50.2514235,
              0
            ],
            [
              22.0342776,
              50.2563352,
              0
            ],
            [
              22.0369825,
              50.2575554,
              0
            ],
            [
              22.0413169,
              50.2578846,
              0
            ],
            [
              22.0393214,
              50.2619794,
              0
            ],
            [
              22.0250413,
              50.2626859,
              0
            ],
            [
              22.01619,
              50.2612044,
              0
            ],
            [
              22.0167082,
              50.2594485,
              0
            ]
          ]
        ]
      }
    },
    {
      "type": "Feature",
      "id": "243",
      "properties": {
        "id": "243",
        "name": "243 Zielonka Staniszewskie",
        "number": "243",
        "color": "#ffd600"
      },
      "geometry": {
        "type": "Polygon",
        "coordinates": [
          [
            [
              22.010273,
              50.257757,
              0
            ],
            [
              22.011024,
              50.255291,
              0
            ],
            [
              22.0165816,
              50.2547422,
              0
            ],
            [
              22.0229116,
              50.2533943,
              0
            ],
            [
              22.0252356,
              50.2407617,
              0
            ],
            [
              22.0214013,
              50.2403147,
              0
            ],
            [
              22.0215006,
              50.2384193,
              0
            ],
            [
              22.0306882,
              50.2398843,
              0
            ],
            [
              22.0306314,
              50.2413043,
              0
            ],
            [
              22.0269564,
              50.2409333,
              0
            ],
            [
              22.0246068,
              50.2536103,
              0
            ],
            [
              22.0273748,
              50.2514425,
              0
            ],
            [
              22.0293919,
              50.2513602,
              0
            ],
            [
              22.0357859,
              50.2547696,
              0
            ],
            [
              22.0319602,
              50.2573092,
              0
            ],
            [
              22.0293915,
              50.258268,
              0
            ],
            [
              22.0184204,
              50.2596036,
              0
            ],
            [
              22.0164839,
              50.2594184,
              0
            ],
            [
              22.0145641,
              50.259146,
              0
            ],
            [
              22.010273,
              50.257757,
              0
            ]
          ]
        ]
      }
    },
    {
      "type": "Feature",
      "id": "244",
      "properties": {
        "id": "244",
        "name": "244 Staniszewskie",
        "number": "244",
        "color": "#a52714"
      },
      "geometry": {
        "type": "Polygon",
        "coordinates": [
          [
            [
              22.0003843,
              50.2579738,
              0
            ],
            [
              22.000293,
              50.2565333,
              0
            ],
            [
              21.9980937,
              50.2563824,
              0
            ],
            [
              21.997922,
              50.2548596,
              0
            ],
            [
              22.0012694,
              50.2532269,
              0
            ],
            [
              22.011024,
              50.255291,
              0
            ],
            [
              22.0102065,
              50.2577406,
              0
            ],
            [
              22.0145641,
              50.259146,
              0
            ],
            [
              22.0167082,
              50.2594485,
              0
            ],
            [
              22.01619,
              50.2612044,
              0
            ],
            [
              22.0110112,
              50.26069,
              0
            ],
            [
              22.0091873,
              50.2593045,
              0
            ],
            [
              22.0006472,
              50.2592668,
              0
            ],
            [
              22.0003843,
              50.2579738,
              0
            ]
          ]
        ]
      }
    },
    {
      "type": "Feature",
      "id": "245",
      "properties": {
        "id": "245",
        "name": "245 Raniżów Lisy",
        "number": "245",
        "color": "#0f9d58"
      },
      "geometry": {
        "type": "Polygon",
        "coordinates": [
          [
            [
              21.9712223,
              50.258456,
              0
            ],
            [
              21.9711848,
              50.2571116,
              0
            ],
            [
              21.9699402,
              50.2545461,
              0
            ],
            [
              21.9801969,
              50.2459424,
              0
            ],
            [
              21.9856042,
              50.2454484,
              0
            ],
            [
              21.9944018,
              50.2374889,
              0
            ],
            [
              22.0070189,
              50.2328224,
              0
            ],
            [
              22.0077057,
              50.2332753,
              0
            ],
            [
              22.0009465,
              50.2374477,
              0
            ],
            [
              22.0008391,
              50.2412492,
              0
            ],
            [
              21.9911745,
              50.2426171,
              0
            ],
            [
              21.9836456,
              50.2539715,
              0
            ],
            [
              21.9980937,
              50.2563824,
              0
            ],
            [
              22.000293,
              50.2565333,
              0
            ],
            [
              22.0003843,
              50.2579738,
              0
            ],
            [
              21.9991268,
              50.2584575,
              0
            ],
            [
              21.9956184,
              50.2591092,
              0
            ],
            [
              21.9905222,
              50.2592052,
              0
            ],
            [
              21.986177,
              50.2596236,
              0
            ],
            [
              21.9791067,
              50.2588691,
              0
            ],
            [
              21.9774954,
              50.258806,
              0
            ],
            [
              21.9763689,
              50.2588575,
              0
            ],
            [
              21.9727157,
              50.2585042,
              0
            ],
            [
              21.9712223,
              50.258456,
              0
            ]
          ]
        ]
      }
    },
    {
      "type": "Feature",
      "id": "246",
      "properties": {
        "id": "246",
        "name": "246 Raniżów Centrum",
        "number": "246",
        "color": "#1a237e"
      },
      "geometry": {
        "type": "Polygon",
        "coordinates": [
          [
            [
              21.9712223,
              50.258456,
              0
            ],
            [
              21.9727157,
              50.2585042,
              0
            ],
            [
              21.9763689,
              50.2588575,
              0
            ],
            [
              21.9791067,
              50.2588691,
              0
            ],
            [
              21.986177,
              50.2596236,
              0
            ],
            [
              21.9907874,
              50.2591916,
              0
            ],
            [
              21.9956184,
              50.2591092,
              0
            ],
            [
              21.9991268,
              50.2584575,
              0
            ],
            [
              22.0003843,
              50.2579738,
              0
            ],
            [
              22.0006472,
              50.2592668,
              0
            ],
            [
              21.9961948,
              50.2649254,
              0
            ],
            [
              21.9955081,
              50.2670103,
              0
            ],
            [
              21.995551,
              50.2690814,
              0
            ],
            [
              21.9959708,
              50.2817774,
              0
            ],
            [
              21.987731,
              50.2819831,
              0
            ],
            [
              21.9871302,
              50.2733714,
              0
            ],
            [
              21.9895764,
              50.2732342,
              0
            ],
            [
              21.9894099,
              50.2649026,
              0
            ],
            [
              21.9683385,
              50.2656707,
              0
            ],
            [
              21.9684243,
              50.2643539,
              0
            ],
            [
              21.9711918,
              50.2594152,
              0
            ],
            [
              21.9712223,
              50.258456,
              0
            ]
          ]
        ]
      }
    },
    {
      "type": "Feature",
      "id": "247",
      "properties": {
        "id": "247",
        "name": "247 Raniżów Piaski",
        "number": "247",
        "color": "#ffd600"
      },
      "geometry": {
        "type": "Polygon",
        "coordinates": [
          [
            [
              21.9410732,
              50.2585078,
              0
            ],
            [
              21.9405474,
              50.25645,
              0
            ],
            [
              21.9511629,
              50.2553873,
              0
            ],
            [
              21.9556905,
              50.2550375,
              0
            ],
            [
              21.9699402,
              50.2545461,
              0
            ],
            [
              21.9711848,
              50.2571116,
              0
            ],
            [
              21.9712223,
              50.258456,
              0
            ],
            [
              21.9693107,
              50.2586627,
              0
            ],
            [
              21.9642306,
              50.258697,
              0
            ],
            [
              21.9543708,
              50.2573252,
              0
            ],
            [
              21.9441355,
              50.2580042,
              0
            ],
            [
              21.9419361,
              50.2584775,
              0
            ],
            [
              21.9410732,
              50.2585078,
              0
            ]
          ]
        ]
      }
    },
    {
      "type": "Feature",
      "id": "248",
      "properties": {
        "id": "248",
        "name": "248 Raniżów Zachód",
        "number": "248",
        "color": "#a52714"
      },
      "geometry": {
        "type": "Polygon",
        "coordinates": [
          [
            [
              21.9711918,
              50.2594152,
              0
            ],
            [
              21.9684243,
              50.2643539,
              0
            ],
            [
              21.9683385,
              50.2656707,
              0
            ],
            [
              21.9630245,
              50.2653399,
              0
            ],
            [
              21.9628958,
              50.2613482,
              0
            ],
            [
              21.941628,
              50.2614842,
              0
            ],
            [
              21.9410732,
              50.2585078,
              0
            ],
            [
              21.9419361,
              50.2584775,
              0
            ],
            [
              21.9441355,
              50.2580042,
              0
            ],
            [
              21.9543708,
              50.2573252,
              0
            ],
            [
              21.9642306,
              50.258697,
              0
            ],
            [
              21.9693107,
              50.2586627,
              0
            ],
            [
              21.9712223,
              50.258456,
              0
            ],
            [
              21.9711918,
              50.2594152,
              0
            ]
          ]
        ]
      }
    },
    {
      "type": "Feature",
      "id": "249",
      "properties": {
        "id": "249",
        "name": "249 Osia Góra",
        "number": "249",
        "color": "#1a237e"
      },
      "geometry": {
        "type": "Polygon",
        "coordinates": [
          [
            [
              21.941628,
              50.2614842,
              0
            ],
            [
              21.8912666,
              50.2621989,
              0
            ],
            [
              21.8913209,
              50.2588048,
              0
            ],
            [
              21.8996037,
              50.2490638,
              0
            ],
            [
              21.9023932,
              50.2396777,
              0
            ],
            [
              21.9106145,
              50.2332938,
              0
            ],
            [
              21.9275231,
              50.2382622,
              0
            ],
            [
              21.9216437,
              50.246496,
              0
            ],
            [
              21.9405474,
              50.2562579,
              0
            ],
            [
              21.941628,
              50.2614842,
              0
            ]
          ]
        ]
      }
    },
    {
      "type": "Feature",
      "id": "250",
      "properties": {
        "id": "250",
        "name": "250 Wola Raniżowska Zachód",
        "number": "250",
        "color": "#1a237e"
      },
      "geometry": {
        "type": "Polygon",
        "coordinates": [
          [
            [
              21.9542827,
              50.2943946,
              0
            ],
            [
              21.953379,
              50.2947574,
              0
            ],
            [
              21.9508577,
              50.2952029,
              0
            ],
            [
              21.9494106,
              50.2954114,
              0
            ],
            [
              21.9416429,
              50.2950824,
              0
            ],
            [
              21.9353129,
              50.2957404,
              0
            ],
            [
              21.9304634,
              50.295055,
              0
            ],
            [
              21.9219447,
              50.2952743,
              0
            ],
            [
              21.920035,
              50.2951921,
              0
            ],
            [
              21.9157864,
              50.2943559,
              0
            ],
            [
              21.9143702,
              50.2928205,
              0
            ],
            [
              21.9143273,
              50.2917376,
              0
            ],
            [
              21.9365145,
              50.2916827,
              0
            ],
            [
              21.9365145,
              50.2928068,
              0
            ],
            [
              21.9545033,
              50.2924244,
              0
            ],
            [
              21.9541278,
              50.2933428,
              0
            ],
            [
              21.9542827,
              50.2943946,
              0
            ]
          ]
        ]
      }
    },
    {
      "type": "Feature",
      "id": "251",
      "properties": {
        "id": "251",
        "name": "251 Wola Raniżowksa Północ",
        "number": "251",
        "color": "#ffd600"
      },
      "geometry": {
        "type": "Polygon",
        "coordinates": [
          [
            [
              21.9508577,
              50.2952029,
              0
            ],
            [
              21.9505788,
              50.2964983,
              0
            ],
            [
              21.9508533,
              50.2972305,
              0
            ],
            [
              21.9159417,
              50.2974361,
              0
            ],
            [
              21.9157864,
              50.2943559,
              0
            ],
            [
              21.920035,
              50.2951921,
              0
            ],
            [
              21.9219447,
              50.2952743,
              0
            ],
            [
              21.9304634,
              50.295055,
              0
            ],
            [
              21.9353129,
              50.2957404,
              0
            ],
            [
              21.9416429,
              50.2950824,
              0
            ],
            [
              21.9494106,
              50.2954114,
              0
            ],
            [
              21.9508577,
              50.2952029,
              0
            ]
          ]
        ]
      }
    },
    {
      "type": "Feature",
      "id": "252",
      "properties": {
        "id": "252",
        "name": "252 Wola Raniżowska Południe",
        "number": "252",
        "color": "#a52714"
      },
      "geometry": {
        "type": "Polygon",
        "coordinates": [
          [
            [
              21.9542827,
              50.2943946,
              0
            ],
            [
              21.9541647,
              50.2934145,
              0
            ],
            [
              21.9550444,
              50.2905494,
              0
            ],
            [
              21.9713952,
              50.2851888,
              0
            ],
            [
              21.9905998,
              50.2838999,
              0
            ],
            [
              21.9909431,
              50.2856549,
              0
            ],
            [
              21.9843449,
              50.2862308,
              0
            ],
            [
              21.9798602,
              50.2868889,
              0
            ],
            [
              21.9732298,
              50.2873756,
              0
            ],
            [
              21.9654192,
              50.2898913,
              0
            ],
            [
              21.9627155,
              50.2913445,
              0
            ],
            [
              21.9604196,
              50.2921739,
              0
            ],
            [
              21.957276,
              50.2934556,
              0
            ],
            [
              21.955377,
              50.2939354,
              0
            ],
            [
              21.9542827,
              50.2943946,
              0
            ]
          ]
        ]
      }
    },
    {
      "type": "Feature",
      "id": "253",
      "properties": {
        "id": "253",
        "name": "253 Wola Raniżowska Wschód",
        "number": "253",
        "color": "#0f9d58"
      },
      "geometry": {
        "type": "Polygon",
        "coordinates": [
          [
            [
              21.9508577,
              50.2952029,
              0
            ],
            [
              21.953379,
              50.2947574,
              0
            ],
            [
              21.9542827,
              50.2943946,
              0
            ],
            [
              21.955377,
              50.2939354,
              0
            ],
            [
              21.957276,
              50.2934556,
              0
            ],
            [
              21.9627155,
              50.2913445,
              0
            ],
            [
              21.9654192,
              50.2898913,
              0
            ],
            [
              21.9732298,
              50.2873756,
              0
            ],
            [
              21.9796861,
              50.2868884,
              0
            ],
            [
              21.9843449,
              50.2862308,
              0
            ],
            [
              21.9909431,
              50.2856549,
              0
            ],
            [
              21.9906724,
              50.2865731,
              0
            ],
            [
              21.9837416,
              50.288328,
              0
            ],
            [
              21.9759525,
              50.289082,
              0
            ],
            [
              21.9683135,
              50.2919061,
              0
            ],
            [
              21.9512332,
              50.2980815,
              0
            ],
            [
              21.9505788,
              50.2964983,
              0
            ],
            [
              21.9508577,
              50.2952029,
              0
            ]
          ]
        ]
      }
    },
    {
      "type": "Feature",
      "id": "254",
      "properties": {
        "id": "254",
        "name": "254 Wola Raniżowska Stece",
        "number": "254",
        "color": "#1a237e"
      },
      "geometry": {
        "type": "Polygon",
        "coordinates": [
          [
            [
              21.9685658,
              50.3107756,
              0
            ],
            [
              21.9732006,
              50.3152701,
              0
            ],
            [
              21.9550904,
              50.3225043,
              0
            ],
            [
              21.9513567,
              50.3182571,
              0
            ],
            [
              21.9685658,
              50.3107756,
              0
            ]
          ]
        ]
      }
    },
    {
      "type": "Feature",
      "id": "255",
      "properties": {
        "id": "255",
        "name": "255 Poręby Wolskie",
        "number": "255",
        "color": "#a52714"
      },
      "geometry": {
        "type": "Polygon",
        "coordinates": [
          [
            [
              22.0251629,
              50.2927919,
              0
            ],
            [
              22.024282,
              50.311389,
              0
            ],
            [
              21.9793925,
              50.3124579,
              0
            ],
            [
              21.9779763,
              50.3102654,
              0
            ],
            [
              21.9852719,
              50.307689,
              0
            ],
            [
              21.991559,
              50.2904734,
              0
            ],
            [
              22.0125623,
              50.290345,
              0
            ],
            [
              22.0158239,
              50.2929086,
              0
            ],
            [
              22.0251629,
              50.2927919,
              0
            ]
          ]
        ]
      }
    },
    {
      "type": "Feature",
      "id": "256",
      "properties": {
        "id": "256",
        "name": "256 Posuchy, Kąty, Turka",
        "number": "256",
        "color": "#ffd600"
      },
      "geometry": {
        "type": "Polygon",
        "coordinates": [
          [
            [
              22.0125264,
              50.2903128,
              0
            ],
            [
              22.0127408,
              50.2895588,
              0
            ],
            [
              22.026929,
              50.2775231,
              0
            ],
            [
              22.0520728,
              50.2767249,
              0
            ],
            [
              22.0521158,
              50.2928352,
              0
            ],
            [
              22.0504839,
              50.2928541,
              0
            ],
            [
              22.0504207,
              50.2942334,
              0
            ],
            [
              22.0442408,
              50.2944254,
              0
            ],
            [
              22.0440906,
              50.29252,
              0
            ],
            [
              22.015788,
              50.2928764,
              0
            ],
            [
              22.0125264,
              50.2903128,
              0
            ]
          ]
        ]
      }
    },
    {
      "type": "Feature",
      "id": "257",
      "properties": {
        "id": "257",
        "name": "257 Korczowiska",
        "number": "257",
        "color": "#0f9d58"
      },
      "geometry": {
        "type": "Polygon",
        "coordinates": [
          [
            [
              22.0873153,
              50.3005451,
              0
            ],
            [
              22.087959,
              50.3031493,
              0
            ],
            [
              22.0863756,
              50.3047154,
              0
            ],
            [
              22.0719561,
              50.3019469,
              0
            ],
            [
              22.0549616,
              50.3019194,
              0
            ],
            [
              22.0545753,
              50.3056473,
              0
            ],
            [
              22.0472368,
              50.3054554,
              0
            ],
            [
              22.0478805,
              50.2966287,
              0
            ],
            [
              22.0502623,
              50.2966287,
              0
            ],
            [
              22.0505198,
              50.2928864,
              0
            ],
            [
              22.0612487,
              50.2926533,
              0
            ],
            [
              22.0679864,
              50.2961489,
              0
            ],
            [
              22.0789727,
              50.2960667,
              0
            ],
            [
              22.0873153,
              50.3005451,
              0
            ]
          ]
        ]
      }
    }
  ]
}